Dates,y,CHG_PCT_1D,CHG_PCT_5D,PX_OPEN,PX_HIGH,PX_LOW,PX_VOLUME,PX_LAST,MOV_AVG_5D,MOV_AVG_30D,RSI_9D,RSI_14D,RSI_30D,VOLUME_TOTAL_CALL,VOLUME_TOTAL_PUT,VOLATILITY_10D,VOLATILITY_30D,30DAY_IMPVOL_105.0%MNY_DF,30DAY_IMPVOL_100.0%MNY_DF,30DAY_IMPVOL_95.0%MNY_DF,30DAY_IMPVOL_110.0%MNY_DF,30DAY_IMPVOL_90.0%MNY_DF
4/10/2017,0,-0.15,1.44,140,141.15,139.05,26419,139.85,138.54,139.918,59.26,36.23,51.2,2311,1272,11.58,15.17,29.08,27.67,27.1,31.41,27.56
4/7/2017,1,1.67,0.54,138,140.3,136.6,24027,140.05,138.14,139.893,57.66,35.42,44,1501,1592,11.66,15.56,26.72,25.39,25.08,29.22,25.66
4/6/2017,1,0.33,-1.11,137.3,138.95,137.1,17635,137.75,137.99,140.038,51.55,39.45,36.5,689,590,9.57,18.43,26.8,25.62,25.2,28.67,25.66
4/5/2017,0,-0.33,-1.44,138.5,139.25,137,20054,137.3,138.3,140.375,28.08,41.86,34.46,974,543,14.5,19.49,26.71,25.62,25.23,29.1,25.87
4/4/2017,0,-0.07,-0.79,137.85,138.5,136.25,22545,137.75,138.7,140.772,25.47,45.21,33.85,1793,1190,14.86,19.59,26.56,25.48,24.79,27.91,25.5
4/3/2017,0,-1.04,-0.97,138.8,142.8,137.5,25199,137.85,138.92,141.192,21.03,44.34,38,1923,1878,15.58,19.63,26.7,25.68,25.19,28.31,25.91
3/31/2017,0,0,1.24,139.35,140.05,137.9,14056,139.3,139.19,141.523,23.3,45.97,41.57,1641,2041,15.16,20.38,27.25,26.23,25.58,28.78,25.69
3/30/2017,0,0,-0.85,139.3,140.05,138.6,9647,139.3,138.85,141.757,43.75,48.89,44,271,600,20.72,20.7,28.35,27.2,26.51,29.86,26.48
3/29/2017,1,0.32,-1.69,138.8,140.3,137.55,11060,139.3,139.09,141.93,48.28,51.65,45.07,1464,1104,21.25,21.12,29.03,27.7,26.84,30.6,26.62
3/28/2017,0,-0.25,-4.08,139.3,139.65,137.75,11060,138.85,139.57,142.075,48.67,46.57,43.91,1354,1357,21.29,21.19,30.49,29.04,27.73,32.28,27.19
3/27/2017,1,1.16,-4.17,137.2,139.35,136.2,21483,139.2,140.5,142.255,48.48,50.55,42.79,4267,2922,21.3,21.21,27.6,26.11,24.8,29.66,24.24
3/24/2017,0,-2.06,-3.13,140.05,140.3,137.1,20008,137.6,141.46,142.473,38.4,44.06,41.44,2079,4084,20.21,20.99,26.97,24.9,23.26,29.3,22.96
3/23/2017,0,-0.85,-0.67,141.5,141.85,139.55,12818,140.5,142.1,142.727,54.07,47.65,47.26,2078,1730,17.13,20.22,28.38,26.05,24.2,30.67,23.56
3/22/2017,0,-2.11,0.57,144.45,144.45,141.15,13635,141.7,141.95,142.807,64.53,48.41,48.95,985,1643,16.39,20.71,29.23,26.96,24.82,31.43,24.63
3/21/2017,0,-0.34,2.48,144.7,144.7,144.7,12346,143.5,141.45,142.837,67.88,52.96,49.18,1050,2087,15.49,20.36,29.33,27.19,25,31.53,24.87
3/20/2017,1,2.25,2.04,142.35,145.45,141.85,14548,144,140.67,142.86,74.51,60.44,47.46,2045,1937,15.19,20.62,27.67,25.5,23.43,29.85,22.8
3/17/2017,1,0.42,0.5,140.45,140.45,140.45,10074,140.8,139.97,142.935,57.52,55.99,43.77,1600,1626,10.78,19.81,27.42,25.32,23.43,29.57,22.38
3/16/2017,1,0.39,0.71,138.55,141.1,138.55,15790,139.75,139.74,143.107,40.85,37.4,38.31,2592,816,11.77,19.65,27.92,25.9,24.14,30.17,23.28
3/15/2017,0,-0.25,-0.6,141.4,142.2,140.4,8228,139.2,139.54,143.453,32.56,29.74,38.38,819,990,11.65,21.14,28.49,26.36,24.41,30.5,23.48
3/14/2017,0,-0.77,0.39,140.75,140.75,139.9,12428,139.6,139.71,143.798,32.37,28.48,37.38,2478,750,11.66,21.23,29.14,27.02,25.01,31.14,23.92
3/13/2017,1,0.71,0.64,137.45,138.8,137.4,19931,140.5,139.59,144.183,48.97,28.16,37.09,2749,1944,14.17,21.35,28.12,25.94,24.15,30.08,23.41
3/10/2017,1,0.64,-1.36,140.5,141.9,140.15,12498,139.65,139.42,144.58,52.63,33.2,37.23,1047,1576,15.19,21.24,30.64,27.48,26.95,35.83,30.64
3/9/2017,0,-0.92,-2.7,139.2,139.6,139,14068,138.75,139.74,144.973,30.98,34.81,34.87,2958,639,24.79,21.23,29.97,28.14,26.63,33.99,29.48
3/8/2017,1,0.75,-2.11,141,142.55,139.65,15598,140.05,140.43,145.445,27.06,41.22,36.63,1463,1607,26.82,21.24,29.24,27.45,25.68,32.01,27.59
3/7/2017,0,-0.53,-1.33,139.75,139.75,138.9,14608,139,140.95,145.855,20.52,40.76,32.92,1957,1990,25.55,21.09,29.74,27.73,26.03,31.9,27.18
3/6/2017,0,-1.29,0.25,139.6,139.6,139.6,12988,139.65,141.29,146.402,19.94,40.84,36.33,1453,1380,25.47,21.67,29.19,27.61,26.34,31.15,26.19
3/3/2017,0,-0.73,-2.02,142.6,142.75,140.8,15737,141.25,141.18,146.853,32.53,41,40.58,2417,1860,28.71,22.18,29.68,28.02,26.7,31.33,26.68
3/2/2017,0,-0.31,-3.73,143.25,143.3,143.25,17353,142.2,141.81,147.17,39.38,43.9,43.14,1920,1424,29.81,22.85,30.39,28.82,27.11,31.84,27.1
3/1/2017,1,1.54,-4.04,140.2,141,140.1,22810,142.65,142.94,147.403,45.52,49.53,42.93,5398,2834,30.96,23.14,29.5,27.65,26.15,31.16,26.52
2/28/2017,1,1.06,-6.09,139.7,140.7,138.6,18079,140.7,144.25,147.645,42.46,46.17,41.38,1798,1774,29.98,22.66,28.78,26.84,25.41,30.23,25.73
2/27/2017,0,-3.52,-5.65,144,144,140,21191,139.1,146.18,147.932,36.12,39.72,39.2,7816,4221,28.8,22.35,26.37,24.87,23.84,27.99,24.46
2/24/2017,0,-2.47,-1.45,148.45,148.45,143.65,19217,144.4,147.92,148.282,45.42,45.71,44.76,3392,3914,21.32,19.55,26.95,25.61,24.43,28.48,24.74
2/23/2017,0,-0.63,2.04,149.5,150.6,148.45,11823,147.85,148.3,148.435,61.18,55.16,50.18,920,2086,16.41,18.32,28.14,26.6,24.92,29.72,24.33
2/22/2017,0,-0.63,3.39,150.1,151.4,148.95,16239,149.2,147.63,148.43,74.61,47.76,55.69,2044,1292,16.43,18.31,29.36,27.59,26.07,30.85,25.76
2/21/2017,1,1.54,3.62,149.2,150.9,148.35,15597,150.35,146.52,148.263,82.43,51.93,58.5,3882,2775,14.77,19.44,27.55,25.98,24.74,29.08,24.24
2/17/2017,1,0.77,0.96,146.7,148.7,145.2,13715,147.8,145.3,148.013,66.36,41.52,54.77,1850,2870,15.58,18.99,27.91,26.28,24.95,29.52,24.1
2/16/2017,1,0.99,0.55,145,146.65,145,19842,146.3,144.89,147.878,50.22,34.36,55.24,2247,635,17.2,18.91,28.08,26.43,24.81,29.79,23.83
2/15/2017,1,0.69,1.16,143.25,145.05,142.1,24530,144.5,144.67,147.728,42.79,31.37,57.8,2002,1086,15.61,18.98,27.26,25.59,24.08,29.09,23.02
2/14/2017,0,-0.41,0.68,144.75,145.8,142.5,24047,143.65,144.35,147.492,25.75,25.97,57.33,1918,1246,20.66,21.08,27.69,25.82,24.36,29.47,23.65
2/13/2017,0,-1.07,-0.03,145.75,146,143.5,20992,144.25,144.14,147.272,30.22,28.91,59.57,5401,2731,21.22,21,27.65,26.1,24.77,29.27,24.07
2/10/2017,1,0.38,-0.36,145.05,146.85,144.8,23074,145.75,144.13,146.978,30,26.75,63.19,1216,855,21.24,20.86,27.7,26.19,24.8,29.29,24.02
2/9/2017,1,1.6,-0.53,143.4,145.7,142.85,28416,145.2,144.23,146.57,24.65,32.14,61.8,642,986,20.78,21.17,27.76,26.38,24.98,28.94,24.44
2/8/2017,1,0.2,-4.84,143,144.25,141.7,24632,142.9,144.38,146.203,16.73,32.59,57.3,327,892,18.01,20.9,28.03,26.54,25.29,29.47,25.35
2/7/2017,0,-1.11,-4.65,144.3,144.5,142.55,24047,142.6,145.83,145.978,13.21,36.13,53.58,754,813,17.29,21.48,29.43,27.97,26.95,30.79,26.87
2/6/2017,0,-1.4,-4.6,146,146.9,143.95,20604,144.2,147.22,145.862,18.53,37.55,49.67,1477,792,18.14,22.26,29.36,27.94,26.83,31.03,27.09
2/3/2017,1,0.21,-4.04,145.2,147.7,144.7,21750,146.25,148.61,145.873,17.2,42.89,52.33,851,1203,19.19,24.85,29.49,28.47,27.7,31.04,27.74
2/2/2017,0,-2.8,-3.63,150.15,151.25,145.7,24372,145.95,149.84,145.793,27.13,41.49,54.42,1722,1300,21.93,24.88,30.29,29.26,28.41,31.64,28.51
2/1/2017,1,0.4,-1.8,149.55,151.7,147.55,27042,150.15,150.94,145.635,47.87,53.22,61.37,977,2296,19.7,23.77,30.19,29.23,28.31,31.61,28.44
1/31/2017,0,-1.06,-1.84,151,152.5,146.6,26597,149.55,151.49,145.237,51.16,54.99,60.81,2696,2250,20.45,24.47,30.36,29.39,28.66,31.76,28.57
1/30/2017,0,-0.82,-2.73,151.7,152.05,149.7,15392,151.15,152.05,144.862,54.42,66.99,60.4,973,1420,19.65,24.14,29.86,29.05,28.46,31.59,28.6
1/27/2017,1,0.63,-0.52,151.25,153.4,150.25,12110,152.4,152.9,144.498,61.48,73.24,62.86,1076,1681,18.88,24.45,31.27,30.03,28.85,32.63,28.89
1/26/2017,0,-0.95,0.46,153.85,154.3,150.35,20719,151.45,153.06,144.048,57.2,68.78,62.79,2077,3171,18.84,24.52,30.81,29.64,28.6,32.26,28.36
1/25/2017,1,0.36,2.48,151.6,155.6,151.3,16980,152.9,152.92,143.602,66.25,76.43,66.23,1821,2863,17.66,24.22,30.53,29.2,28.31,32.06,28.23
1/24/2017,0,-1.96,1.63,154.15,156.95,151.8,19263,152.35,152.18,143.023,68.24,80.08,63.42,3096,2610,17.95,24.62,31.25,29.73,28.39,32.93,27.94
1/23/2017,1,1.44,4.09,153,156.75,152.9,18208,155.4,151.69,142.532,92.42,91.42,66.76,3703,2904,14.63,24.23,29.73,27.96,26.73,31.55,26.12
1/20/2017,1,1.63,2.41,150.55,153.35,150.55,14732,153.2,150.47,141.948,91.9,91.18,65.23,3460,1155,14.21,24.09,29.97,28.06,26.5,31.79,25.75
1/19/2017,1,1.04,1.17,149.25,151.45,148.55,12504,150.75,149.75,141.44,82.41,90.97,60.58,1078,5849,15.01,23.8,29.84,27.8,25.88,31.97,24.7
1/18/2017,0,-0.47,1.02,149.7,150,146.75,15004,149.2,149.4,141.088,83.04,87.13,58.11,1629,2247,15.48,24.37,30.06,27.99,26.18,32.34,24.95
1/17/2017,1,0.4,3.95,148.8,150.75,148.1,15566,149.9,149.1,140.822,91.95,82.05,58.23,1440,1793,19.36,24.44,29.7,27.51,25.67,32.06,24.31
1/13/2017,0,-0.2,4.52,149.05,149.9,147.35,17761,149.3,147.96,140.552,91.81,71.43,51.66,3518,3429,19.52,24.51,32.73,30.52,28.51,35.29,27.12
1/12/2017,1,0.4,4.07,149.3,151.6,148.55,16617,149.6,146.67,140.492,94.36,58.72,49.73,2299,1856,18.24,27.43,33.32,30.94,28.99,35.94,27.43
1/11/2017,1,0.88,5.08,147.85,150.9,147.45,26500,149,145.5,140.502,94.8,58.86,46.6,7009,4255,17.79,27.85,33.71,31.23,29.5,36.38,28.46
1/10/2017,1,2.43,7.5,144.25,147.9,144.15,18592,147.7,144.06,140.635,90.42,60.69,46.05,4911,3639,20.11,28.35,33.53,30.91,28.93,36.33,28.38
1/9/2017,1,0.95,5.22,142.15,146.5,140.75,19802,144.2,142,140.788,76.57,60.03,40.86,4338,2275,22.31,27.32,32.18,29.7,27.85,34.98,27.46
1/6/2017,0,-0.63,5.46,143.5,144.5,142.05,12139,142.85,140.57,141.137,61.19,57.94,37.67,4508,1143,26.68,27.37,33.21,30.61,28.6,36.02,28.07
1/5/2017,1,1.38,7.68,142,145.45,141.75,21049,143.75,139.09,141.617,48.12,55.89,37.35,3799,2635,34.69,27.67,32.81,30.31,28.64,35.7,28.26
1/4/2017,1,3.2,5.66,137.5,142.95,137.45,18852,141.8,137.04,142.113,44.89,54.98,36.1,3867,4573,33.83,27.23,31.84,29.42,27.59,34.91,27.15
1/3/2017,1,0.26,0.92,137.8,139.05,134.4,17117,137.4,135.52,142.648,39.62,48.73,30.02,2854,2164,30.24,25.1,31.46,29.22,27.7,34.41,27.49
12/30/2016,1,1.18,-1.47,135.7,138.85,135.55,11369,137.05,135.27,143.378,47.26,52.71,28.55,3110,1827,32.96,25.03,31.98,30,28.66,34.65,28.39
12/29/2016,1,1.46,-6.3,133.5,138.35,133.15,13816,135.45,135.68,144.185,42.67,46.18,26.2,4941,5857,32.07,24.55,30.33,28.36,27.15,32.93,26.94
12/28/2016,0,-0.52,-7.19,134.65,136,132.85,13423,133.5,137.5,145.063,32.65,41.7,23.5,1246,2786,30.85,23.73,29.6,27.59,26.39,32.21,26.12
12/27/2016,0,-1.43,-6.97,136,136.75,133.35,13412,134.2,139.57,146.007,38.31,42.75,27.07,2941,2683,31.91,23.81,24.8,23.07,22.58,27.38,22.77
12/23/2016,0,-2.12,-4.42,139,139.75,135.95,12035,136.15,140.97,146.848,45,42.26,26.85,2677,3624,31.61,24.48,25.7,24.2,23.16,28.02,23.63
12/22/2016,0,-3.77,-2.18,144.05,144.3,138.65,14443,139.1,141.38,147.705,59.57,45.66,24.51,2408,3020,30.67,24.17,25.98,24.12,23.04,28.38,23.12
12/21/2016,1,0.49,0.28,143.1,144.8,142.35,9110,144.55,141.22,148.738,72.94,57.11,30.2,4613,2452,21.69,25.79,27.09,25.32,24.21,29.41,23.93
12/20/2016,0,-0.28,0.7,145,145.25,142.35,10516,143.85,140.36,149.503,70.17,42.51,26.21,1027,616,22.08,26.37,27.86,25.96,24.72,29.98,24.35
12/19/2016,1,1.26,1.58,141.15,141.15,138.85,11895,141.2,139.37,150.52,63.37,31.95,26.61,2181,1562,20.5,27.28,28.24,26.64,25.39,30.27,24.88
12/16/2016,1,0.18,2.22,138.85,139,138.85,12361,138.2,138.74,151.525,41.23,19.42,29.56,3033,745,19.17,26.91,27.93,26.47,25.25,29.97,24.79
12/15/2016,0,-1.35,0.57,136.8,136.8,136.8,18887,138.3,138.21,152.44,38.21,21.77,32.38,2045,3338,19.38,29.56,27.88,26.31,25.13,29.96,24.87
12/14/2016,1,0.91,1.73,142.8,144.8,141,18854,140.25,138.07,153.26,42.92,21.43,34.7,1813,1078,18.14,30.24,29.04,27.28,25.89,31.03,25.24
12/13/2016,1,0.6,0.6,139.7,139.75,139.3,14196,138.9,137.6,153.967,21.9,15.31,32.13,4118,2434,26.03,30.2,29.61,27.98,27.15,31.46,26.8
12/12/2016,1,1.9,-1.73,135.15,138,135.15,19543,138.05,137.41,154.808,14.84,11.85,30.71,3526,1370,25.2,30.18,29.57,28.07,26.94,31.14,26.67
12/9/2016,0,-1.45,-4.42,141.95,142.55,138.95,16939,135.55,137.84,155.723,0,5.93,28.91,2008,3685,19.45,29.23,34.69,31.12,31.06,39.04,36.26
12/8/2016,0,-0.21,-2.42,142.5,143.45,140.65,14836,137.6,138.97,156.698,4.35,6.07,30.92,1877,2540,21.66,29.3,34.2,30.85,29.56,37.83,33.11
12/7/2016,0,-0.21,-5.91,139.4,139.4,139.4,20504,137.9,139.81,157.568,3.86,5.69,30.7,4380,4818,21.01,29.53,33.81,31.37,30.57,36.9,31.75
12/6/2016,0,-1.73,-7.22,138.3,138.3,138.2,21187,137.95,141.73,158.455,3.38,5.59,36.78,2579,11339,19.68,29.49,32.96,31.54,30.39,35.22,31.08
12/5/2016,0,-0.89,-7.76,142.15,143.6,141.45,18917,140.2,144.12,159.12,3.53,6.1,39.4,1310,2042,19.87,32.48,31.93,30.61,30.07,34.13,30.87
12/2/2016,1,0.62,-6.18,141.65,144,140.4,25108,141.2,146.68,159.65,7.63,14.84,40.09,3239,9018,22.14,32.79,31.14,30.15,29.83,32.87,30.56
12/1/2016,0,-3.78,-8.12,147.65,147.9,142.15,28723,141.8,148.9,160.14,7.32,13.87,39.38,5563,10684,21.7,32.82,31.74,30.81,30.68,33.66,31.4
11/30/2016,0,-1.6,-6.95,149.5,150,147.4,19158,147.5,151.47,160.675,8.96,12.71,42.05,2708,3504,14.71,31.01,31.42,30.55,30.41,33.42,31.45
11/29/2016,0,-2.3,-6.28,152.65,152.65,149.85,19974,149.9,153.42,161.05,10.07,21.15,44.86,3772,3090,14.55,30.73,31.81,30.6,30.34,33.33,30.86
11/28/2016,1,0.8,-3.36,152.65,153.35,151.9,17840,153,155.17,161.29,12.71,18.83,48.25,3228,5198,13.17,30.4,31.9,30.77,30.42,33.28,30.95
11/25/2016,0,-1.46,-4.63,154.95,154.95,151.4,15610,152.3,156.14,161.37,23.42,23.94,49.72,3567,2294,16.52,30.56,31.78,30.96,30.93,33.13,31.86
11/23/2016,0,-2.56,-4.08,156.9,157.25,154.4,19569,154.65,157.54,161.383,23.33,36.22,51.85,3881,6702,16.45,30.68,30.97,30.33,30.4,32.31,31.14
11/22/2016,0,-0.89,-2.09,158.4,159.55,157.1,14533,157.25,158.86,161.298,16.45,42.95,54.77,2566,1586,28.91,30.23,32.5,31.64,31.31,33.41,32.06
11/21/2016,1,0.74,-1.3,158.25,159.5,155,19090,158.65,159.77,161.083,28.26,46.51,54.25,3610,3473,31.68,30.15,31.01,30.44,30.64,31.61,31.73
11/18/2016,0,-0.52,-0.61,158.75,161,157.45,20587,157.85,160.4,160.89,18.75,42.5,56.82,3366,2869,35.59,30.47,31.9,31.32,30.94,32.72,31.68
11/17/2016,0,-0.88,-1.62,161.4,161.7,158.7,18649,159.3,160.72,160.562,28.44,42.6,58.91,1391,2251,38.76,31.67,31.73,31.05,30.7,32.49,31.49
11/16/2016,0,-0.54,-5.46,161.9,162.75,160.1,21439,161.25,161.23,160.132,43.06,45.63,59.03,3684,6083,44.63,31.43,31.1,30.05,29.45,32.15,29.52
11/15/2016,0,-0.09,-3.48,162.4,165.3,160.3,22821,161.8,163,159.697,48.38,47.69,59.9,2398,2838,45.87,31.71,32.34,31.4,30.51,33.31,29.93
11/14/2016,1,1.44,-7.16,159,162.65,157.45,37346,161.8,164.14,159.218,50.5,46.79,59.82,4339,5078,46.17,31.71,33.79,33.12,32.5,34.57,32.19
11/10/2016,0,-4.75,-2.18,170.9,172.9,161.55,44363,161.85,169.03,158.48,44.73,56.3,57.99,2196,2647,45.64,32.33,34.92,34.01,33.4,35.78,33.14
11/9/2016,1,1.54,4.44,165.2,170.75,163.2,31304,170.1,169.79,158.09,59.78,68.88,62.52,1252,556,35.6,28.06,36.05,35.13,34.82,37.13,34.9
11/8/2016,0,-3.9,3.78,175,176,167.25,45652,167.5,168.35,157.523,57.42,63.06,60.47,2903,1636,34.95,28.71,37.44,36.72,36.28,38.48,36.65
11/7/2016,1,1.75,6.21,170,175.65,170,32630,174.35,167.14,157.063,75.19,75.16,67.57,2373,3925,24.58,25.53,36.24,35.22,35.16,37.54,36.03
11/4/2016,1,3.44,3.53,165.55,172,165.1,33697,171.35,165.1,156.37,79.05,74.03,67.1,3023,4739,30.53,25.22,33.29,32.48,32.69,34.63,33.71
11/3/2016,1,1.69,0.52,163.05,166.6,163,23564,165.65,163.93,155.705,74.81,69.98,59.2,2150,1530,26.77,23.69,33.05,32.07,31.74,34.47,32.47
11/2/2016,1,0.9,-0.49,160.75,164.35,160.35,18112,162.9,163.76,155.358,70.96,69.92,55.77,1108,5094,26.15,24.74,32.93,32.11,31.88,34.37,32.51
11/1/2016,0,-1.64,-1.85,163.25,165.4,161.15,26816,161.45,163.92,155.147,60.47,68.89,55.44,2491,2657,27.56,24.81,33.9,32.67,32.1,35.42,32.7
10/31/2016,0,-0.82,3.96,164.25,165.85,163,23281,164.15,164.53,154.948,67.53,78.59,61.3,777,1924,25.66,24.24,32.52,31.21,30.69,34.09,31.29
10/28/2016,1,0.42,6.02,165.1,166.9,163.45,19294,165.5,163.28,154.527,76.75,76.3,65.59,1889,1600,24.79,25.08,32.11,30.77,30.22,33.65,30.74
10/27/2016,1,0.67,5.71,163.6,166.4,162.25,26989,164.8,161.4,153.913,78.14,79.79,64.63,3711,1926,24.91,26.3,32.23,30.45,29.84,34.03,30.45
10/26/2016,0,-0.49,3.71,163.4,165.75,163.2,27104,163.7,159.62,153.34,80.05,80.14,63.73,2138,3797,25.61,26.37,32.95,31.5,30.69,34.82,30.7
10/25/2016,1,4.18,3.62,158.65,164.75,158.35,34933,164.5,158.45,152.81,84.25,77.44,64.9,4951,3747,24.62,26.29,30.79,29.26,28.4,32.63,28.87
10/24/2016,1,1.15,0.51,156.05,159.3,155.65,15256,157.9,157.3,152.238,77.73,71.91,57.69,753,605,15.18,23.62,30.18,28.87,27.83,31.93,28
10/21/2016,1,0.13,0.45,155.6,157.45,155.1,15155,156.1,157.14,151.965,62.45,69.3,55.94,636,518,17.53,24.05,31.16,29.64,28.44,32.98,28.26
10/20/2016,0,-1.24,2.1,157.7,158.3,155.35,17801,155.9,157,151.76,72.32,58.38,51.99,2008,2153,23.73,24.07,31.75,30.18,28.88,33.63,28.93
10/19/2016,0,-0.57,3.78,158.3,158.55,156.3,15149,157.85,156.36,151.687,83,65.16,53.74,1675,1694,21.07,24.98,34.43,32.67,30.91,36.42,30.21
10/18/2016,1,1.05,5.27,157.5,159.6,157.1,18903,158.75,155.21,151.553,78.9,60.29,55.83,2969,4062,22.72,24.91,34.88,32.81,30.85,37.01,29.81
10/17/2016,1,1.09,2.78,154.9,157.35,154.55,14880,157.1,153.62,151.343,77.81,56.44,56.4,2437,1493,22.69,24.86,35.77,33.75,31.75,37.88,30.77
10/14/2016,1,1.77,5,153.4,155.9,153.15,19287,155.4,152.77,151.11,74.92,53.72,55,3258,3360,22.9,25.07,35.46,33.62,31.9,37.56,30.73
10/13/2016,1,0.39,4.3,152.3,153.7,151.65,17897,152.7,151.29,150.933,53.37,52.67,56.24,1918,1994,27.42,24.56,35.04,33.08,31.32,37.11,29.96
10/12/2016,1,0.86,2.63,151.3,152.85,150.4,14854,152.1,150.03,150.707,55.46,44.28,56.68,949,760,27.77,25.92,35.28,33.05,31.27,37.52,30.51
10/11/2016,0,-1.34,2.27,152.85,153.2,150.5,18044,150.8,149.25,150.462,44.1,39.56,56.24,2913,1222,29.46,25.9,32.65,30.77,29.38,35.05,29.55
10/7/2016,1,1.09,-2.34,146.25,149.45,145.2,21594,148,147.52,149.937,29.21,43.19,54.68,1848,2137,20.86,23.73,31.89,29.91,28.44,34.2,28.76
10/6/2016,0,-1.21,-2.5,148.5,148.85,146.1,15850,146.4,148.23,149.787,32.01,48.77,54.44,3649,1326,21.67,23.54,32.18,30.22,28.94,34.62,28.5
10/5/2016,1,0.51,-3.2,148,151.15,147.7,16860,148.2,148.98,149.645,27.9,51.1,52.95,2852,1428,24.27,23.33,32.35,30.34,28.71,34.8,28.42
10/4/2016,0,-0.07,-4.07,147.55,148.65,146.75,18016,147.45,149.96,149.548,22.42,49.34,53.37,1790,1120,23.49,24.31,32.22,30.42,28.93,34.42,28.42
10/3/2016,0,-2.64,-3.91,151.1,151.7,147.15,18405,147.55,151.21,149.437,27.22,50.37,57.98,2619,2065,24.42,24.42,33.71,31.89,30.39,35.75,29.72
9/30/2016,1,0.93,0.1,149.7,152.65,148.75,19692,151.55,152.41,149.145,50.14,53.65,63.01,1512,2354,26.15,25.25,32.74,30.71,29.26,34.89,28.79
9/29/2016,0,-1.93,-3.29,153.85,154.95,149.9,18168,150.15,152.38,148.698,57.46,50.41,64.19,2986,2807,30.38,25.18,33.02,31.24,29.75,34.86,29.31
9/28/2016,0,-0.39,-2.2,153.9,154.6,151,18000,153.1,153.4,148.195,65.28,48.8,64.92,1568,2345,27.76,24.87,33.74,31.89,30.43,35.59,29.87
9/27/2016,1,0.1,-1.98,153.25,154.35,151.5,14527,153.7,154.09,147.672,66.76,49.69,65.97,2709,1082,27.55,25.59,33.38,31.54,29.94,35.18,29.48
9/26/2016,1,1.42,0.49,151.5,153.8,149,19746,153.55,154.45,147.113,67.32,52.13,65.94,3636,3951,27.49,25.57,31.95,30.13,28.53,33.79,27.5
9/23/2016,0,-2.48,2.02,154.25,154.75,151.3,22821,151.4,154.04,146.557,54.7,52.5,63.41,4024,2620,28.8,25.39,34.02,32.37,30.84,35.93,29.76
9/22/2016,0,-0.83,4.26,156.55,160.9,154.7,24584,155.25,153.18,146.1,68.28,61.63,67.22,6445,4272,24.22,24.01,33.33,31.62,30.14,35.08,28.94
9/21/2016,0,-0.16,5.14,156.6,158.8,156,22202,156.55,151.65,145.547,58.41,71.26,65.65,5493,5235,28.17,23.94,33.03,31.29,29.74,35.01,29.08
9/20/2016,1,2.62,5.66,153.2,157.8,152.8,22651,155.5,149.9,145.032,55.14,71.37,64.91,3752,5359,28.06,24.79,30.74,29.14,27.55,32.45,27
9/19/2016,1,2.96,1.26,149.3,152.6,149.3,22031,151.5,148.27,144.552,46.47,67.12,59.85,4095,3597,24.42,23.78,27.15,25.75,24.63,28.71,24.05
9/16/2016,0,-0.34,-1.82,147.35,147.6,147.35,11930,147.1,147.91,144.252,36.84,59.09,56,2073,959,19.47,22.51,27.5,25.85,24.74,29.26,24.44
9/15/2016,0,0,-3.87,148.2,148.2,148.2,15098,147.6,148.48,144.085,38.53,61.71,58.39,2529,2758,19.49,22.48,28.03,26.46,25.31,29.9,24.99
9/14/2016,1,0.34,-4,147,147.45,147,14511,147.8,149.7,143.845,56.38,65.15,57.52,2963,2065,25.4,22.69,28.16,26.59,25.49,29.85,24.96
9/13/2016,0,-1.66,-3.48,149.3,149.3,149.3,20469,147.35,150.91,143.627,58.33,54.8,54.3,4218,4508,25.63,22.8,28.7,27.31,26.23,30.07,25.41
9/12/2016,0,-0.17,-0.33,147.8,147.8,147.8,17483,149.7,151.93,143.497,70.36,63.86,53.83,3273,1436,23.27,22.78,29.69,28.04,26.61,31.02,26
9/9/2016,0,-2.42,-0.17,152.85,152.85,150,18344,149.95,152.01,143.38,71.84,72.08,57.88,8212,3359,23.11,23.57,32.54,29.25,31.37,39.12,36.62
9/8/2016,0,-0.13,5.34,153.1,153.1,153,20394,153.7,152.04,143.12,98.57,85.1,63.38,3232,3286,15.14,23.56,33.37,30.95,31.07,36.95,34.1
9/7/2016,1,0.88,6.2,153.7,153.7,153.7,18441,153.85,150.48,142.703,#N/A N/A,87.45,63.05,1853,2827,14.22,23.56,33.89,31.64,31.51,36.74,33.43
9/6/2016,1,1.55,5.96,151.9,152.15,150.35,19077,152.45,148.66,142.295,76.58,78.89,62.32,3563,2653,21.77,23.54,32.01,29.66,28.99,34.73,29.91
9/2/2016,0,0,4.52,150.5,151.05,150,20867,150.1,146.97,141.917,74.39,77.23,59.21,1797,2129,21,23.19,32.18,30.01,29.42,34.86,29.87
9/1/2016,1,2.96,4.81,150.75,151.4,150.45,31481,150.1,145.73,141.643,82.1,77.32,53.29,5425,4583,27.13,23.3,30.43,28.6,28.09,33.07,28.74
8/31/2016,1,0.68,2.76,144.75,145.4,144.7,17841,145.9,144.41,141.535,77.58,69.62,48.79,2744,5589,24.4,24.24,30.21,28.51,27.48,32.72,28.16
8/30/2016,1,0.65,-0.81,144.6,144.7,142.3,18579,144.75,143.66,141.572,80.31,64.73,50.11,3053,2449,26,24.11,30.21,28.52,27.39,32.44,28.38
8/29/2016,1,0.17,-0.89,144.8,145.8,143.9,13249,144,143.77,141.568,68.75,56.47,46.12,2015,1049,29.3,24.56,29.48,27.71,26.25,31.53,26.4
8/26/2016,1,0.28,2.3,144.7,146.15,142.35,22417,143.9,143.79,141.695,69.36,56.28,48.24,2994,3836,29.2,25.38,29.7,27.73,26.27,32.1,26.46
8/25/2016,1,0.94,2.12,140.15,143.5,140.15,11738,143.5,142.77,141.755,68.84,52.15,43.84,1159,1067,29.28,25.77,29.66,27.54,26,31.98,25.91
8/24/2016,0,-2.82,3.62,145.8,145.8,141.5,19754,142.15,141.7,141.982,62.97,50.11,46.51,1912,1192,29.76,27.13,31.65,29.55,27.88,33.93,27.53
8/23/2016,1,0.58,4.62,144.25,145.6,142.75,16852,145.3,140.28,142.117,72.24,61.72,49.41,4491,3228,26.5,27.79,32.2,30.01,28.51,34.57,28.06
8/22/2016,1,3.39,4.16,139,144.3,138.5,22132,144.1,138.7,142.138,59.26,56.93,46.55,4070,2426,29.03,27.68,31.66,29.57,28.29,34.13,28.24
8/19/2016,1,0.11,0.89,138.45,139.9,137.45,21633,138.8,137.27,142.267,39.45,36.68,46.46,2231,1492,19.82,25.3,32.04,29.93,28.54,34.31,28.45
8/18/2016,1,2.43,0.21,135.5,138.95,135.15,25098,138.15,136.88,142.398,31.33,29.41,48,5720,7845,19.81,27.69,30.28,28.34,26.7,32.45,26.67
8/17/2016,0,-1.88,-2.96,137.3,137.4,134.9,23742,135.05,136.79,142.475,10.61,32.68,43.82,2675,2440,12.99,27.24,30.98,29.06,27.43,33.2,27.32
8/16/2016,1,0.14,-2.76,136.75,137.9,136.35,20362,137.4,137.51,142.705,31.93,40.05,43.9,1448,1483,13.99,26.95,31.51,29.51,28.22,33.6,27.99
8/15/2016,1,0.14,-2.92,136.95,140.75,136.3,29620,136.95,138.25,142.932,25.29,37.8,42.93,2985,2266,13.65,27.26,31.78,29.77,28.28,33.86,28.08
8/12/2016,0,-0.57,-3.99,138.05,138.4,136.5,17116,136.85,139.08,143.195,19.44,39.07,43.59,230,638,14.77,27.26,32.78,31.04,29.81,34.67,29.55
8/11/2016,0,-0.81,-3.18,138.3,138.8,136.55,31228,137.7,140.21,143.437,16.54,39.18,45.48,1206,1679,16.54,27.31,33.17,31.26,29.97,35.2,29.71
8/10/2016,0,-1.69,-1.2,141.55,141.75,138.55,22443,138.65,141.09,143.608,38.92,32.48,49.79,809,1274,24.93,27.43,34.4,32.41,31.24,36.5,31.37
8/9/2016,0,-0.01,-0.11,141.5,142.25,138.55,27272,141.1,141.44,143.617,49.65,36.02,55.33,886,835,23.64,28.26,35.06,33.17,32.32,37.26,32.98
8/5/2016,1,0.28,-2.53,142.9,143.9,141.25,25241,142.5,141.94,143.172,55.07,39.48,52.48,1451,1141,23.03,29.59,34.79,32.68,31.59,36.98,32.23
8/4/2016,1,1.21,-0.04,140.4,143.25,136.95,32693,142.1,142.68,143.063,50.7,43.31,53.82,2199,1430,23.28,31.69,33.26,31.34,30.33,35.53,30.63
8/3/2016,0,-0.6,-0.57,141.25,142.1,139.85,18718,140.4,142.69,142.892,31.52,33.39,51.41,1421,1253,28.36,31.87,33.61,31.55,30.39,35.94,30.51
8/2/2016,0,-1.53,-0.25,143.85,145.75,140.55,20317,141.25,142.85,142.828,32.84,42.51,51.3,978,1012,28.42,32.01,34.58,32.49,31.04,36.73,31.13
8/1/2016,0,-1.88,1.67,145,145.75,143.2,14285,143.45,142.92,142.77,46.45,45.98,52.03,2470,555,29.49,31.72,34.51,32.39,30.86,36.63,31.22
7/29/2016,1,2.85,3.03,142.4,146.35,140.3,22289,146.2,142.45,142.68,45.38,47.12,55.15,3199,1440,30.03,31.27,32.94,31.07,29.97,35.06,30.42
7/28/2016,1,0.67,-3.2,142.05,142.5,139.4,13368,142.15,141.59,142.457,38.44,49.05,53.17,1284,2037,26.34,30.26,33.1,31.27,29.68,35.23,29.63
7/27/2016,0,-0.28,-3.95,142.2,142.7,139.6,12150,141.2,142.53,142.325,26.05,51.14,54.74,1733,716,29.57,30.32,33.55,31.63,30.1,35.81,29.9
7/26/2016,1,0.35,-3.38,141.6,143.05,140.4,12920,141.6,143.69,142.122,39.87,49.48,53.25,1259,1413,34.99,30.99,34.65,32.7,31.04,36.9,30.91
7/25/2016,0,-0.56,-5.59,142.7,142.7,139.05,16251,141.1,144.3,141.978,39.2,45.66,53.14,1165,1084,34.89,31.44,34.8,32.65,31.14,36.86,30.87
7/22/2016,0,-3.37,-3.83,146.7,146.95,140.35,26327,141.9,145.64,141.84,37.21,45.85,55.82,4390,5838,35.29,31.37,38.57,36.35,34.86,40.53,34.23
7/21/2016,0,-0.1,-3.48,147.8,149.75,146.25,14726,146.85,146.4,141.575,58.58,54.39,55.22,1261,2008,36.24,29.96,38.98,37.05,35.44,40.77,34.73
7/20/2016,1,0.31,-0.44,146.1,148.65,145.2,13454,147,147.09,141.335,62.57,56.39,59.7,2101,1203,36.77,32.82,40.44,38.49,36.71,42.24,35.54
7/19/2016,0,-1.94,-0.58,150.4,151.3,146.25,15110,144.65,146.93,140.842,55.36,58.44,58.7,3295,1820,36.97,36.26,41.85,40.07,38.21,43.71,37.02
7/18/2016,1,1.29,0.1,145.7,145.7,145.7,18541,147.8,147.19,140.41,57.41,68.84,63.64,3311,2815,35.88,35.45,40.12,38.33,36.94,41.95,36.22
7/15/2016,0,-3.02,2.39,153,153.05,150,25590,145.7,147.22,139.72,51.86,67.02,64.57,6073,3102,35.33,36.57,42.01,40.08,38.14,43.82,37.3
7/14/2016,1,3.05,7.3,147.6,149.45,147.6,16974,150.3,146.63,138.963,66.32,66.42,69.09,3398,2232,29.66,35.76,40.07,38.14,36.12,41.75,35.2
7/13/2016,1,0.17,3.04,145.9,147.7,145.9,16850,146.2,144.66,138.017,60.37,64.52,67.45,4040,3317,26.47,35.19,39.15,37.34,35.73,40.97,35.01
7/12/2016,0,-1.27,1.27,149.7,149.7,145.7,21330,145.95,143.81,137.195,67.76,61.24,67.45,2465,3116,29.77,35.18,39,37.26,35.81,40.83,34.83
7/11/2016,1,3.61,1.98,144.85,148,144.85,21716,147.95,143.46,136.373,80.22,63.14,69.21,4175,3821,30.38,34.66,36.01,34.22,32.75,37.75,31.8
7/8/2016,1,1.62,-1.06,142.5,142.5,142.5,13168,142.75,142.84,135.492,74.42,53.55,66.75,1537,1215,26.51,33.55,38.84,37.02,37.75,43.48,40.22
7/7/2016,0,-1.05,-1.83,143,143,140,16842,140.45,143.11,134.78,53.03,51.75,65.08,2501,3057,34.12,33.42,39.58,37.65,38.01,43.06,39.88
7/6/2016,0,-1.55,1.92,142.5,142.5,140.3,21833,141.95,143.59,134.158,62.14,56.96,66.31,2855,2055,34.26,33.17,42.39,40.47,39.82,44.58,40.54
7/5/2016,0,-0.58,6.98,145.6,145.6,143,17903,144.2,142.98,133.498,64.32,66.37,65.98,1026,1726,33.5,32.63,39.62,37.74,37.13,42.29,38.28
7/1/2016,1,0.51,6.74,143.45,145.5,143.45,20191,144.85,141.04,132.848,63.21,62.86,67.1,7658,3348,33.77,33.45,39.47,37.59,37.16,42.03,38.23
6/30/2016,1,0.83,1.92,144.9,146.05,140.95,26874,144.1,138.94,132.152,58.07,62.35,61.26,2992,1993,34.47,33.45,39.48,37.48,36.44,41.99,37.23
6/29/2016,1,2.74,3.4,140.5,142.95,140.4,16859,142.85,137.97,131.658,58.07,64.5,58.21,3836,2336,34.49,36.31,37.84,35.66,34.64,40.13,35.62
6/28/2016,1,3.34,-0.25,137.5,140,137.5,17891,138.9,136.79,131.292,51.93,48.84,54.85,3963,3262,31.33,36.11,37.26,35.18,34.07,39.62,34.28
6/27/2016,0,-0.8,-3.72,134.65,135.5,133.5,26498,134.5,136.71,131.085,48.21,53.24,54.5,2879,1328,28.5,34.93,37.51,35.85,34.97,39.74,35.39
6/24/2016,0,-4.02,-3.99,138.5,138.5,133.5,20874,134.35,137.71,130.895,42.18,53.7,54.82,3380,3518,29.67,36.02,40.38,38,36.52,42.96,35.95
6/23/2016,1,2.29,1.03,137,139.4,137,15017,139.25,138.99,130.69,58.04,67.09,59.58,2053,2857,21.74,34.12,38.95,36.47,34.77,41.71,34.24
6/22/2016,0,-0.89,-0.29,138.5,139.6,136.5,14126,136.95,139.04,130.312,60,68.67,58.67,4817,4478,23.11,33.85,40.37,37.68,35.57,43.22,35
6/21/2016,0,-0.25,2.85,138.8,139.35,136.4,25953,138.5,139.29,129.977,47,72.49,61.48,1336,2085,32.75,33.62,41.94,39.32,37.59,44.73,36.43
6/20/2016,0,-1.09,1.44,139,140.4,137.6,18519,139.5,138.61,129.532,64.26,74.76,63.64,1198,1171,43.94,33.61,43.62,40.98,39.02,46.47,37.79
6/17/2016,1,0.99,2.87,139.65,142.15,138.6,34854,140.75,138.17,128.997,68.21,77.59,66.5,6730,2468,43.06,33.5,42.09,39.57,37.69,44.95,36.26
6/16/2016,1,0.96,4.12,137.85,141.75,135.8,33023,139.5,137.41,128.335,71.99,76.32,66.8,5936,4403,45.67,33.84,42.12,39.66,37.79,45.13,36.28
6/15/2016,1,2.23,-1.09,134.7,138.55,134.5,28305,138.2,136.3,127.655,74.52,75.45,66.36,2966,5097,47.22,33.95,40.87,38.19,36.34,43.77,35.5
6/14/2016,0,-1.62,2.2,135.55,136.75,133.5,31471,135.1,136.59,127.002,72.76,71.95,63.96,5060,8808,46.87,33.51,43.02,40.28,38.27,46.26,36.88
6/13/2016,1,0.31,4.28,140.1,140.1,132.15,32788,137.3,136.01,126.468,79.01,76.63,64.47,5693,3831,44.28,33.01,43.78,41.37,39.5,47.2,38.51
6/10/2016,1,2.22,7.71,134,137.95,132,39104,136.95,134.89,125.92,78.93,69.98,64.53,3110,2578,44.32,33.52,39.17,36.73,34.77,41.7,33.68
6/9/2016,0,-4.09,8.89,139.2,145,133.55,54718,133.95,132.92,125.368,75.67,67.61,61.81,2087,1208,44.65,33.06,42.05,40.4,38.87,44.2,37.99
6/8/2016,1,5.63,14.55,131.6,139.85,130.3,48279,139.65,130.73,124.938,98.93,68.45,63.56,5770,1041,32.63,30.09,37.14,34.81,33.37,39.6,33.02
6/7/2016,1,0.38,8.76,131.7,133.3,129.6,34045,132.2,127.18,124.458,94.83,50.76,59.52,2359,1013,23.61,28.12,36.56,34.17,32.57,38.99,32.21
6/6/2016,1,3.62,8.57,127.3,132.05,127.1,31193,131.7,125.05,124.155,91.7,47.87,59.39,4348,1830,24.36,28.49,32.57,30.24,29.07,35.5,29.5
6/3/2016,1,3.33,4.61,122.6,127.4,122.5,29552,127.1,122.97,123.857,62.77,46.27,54.05,3066,2257,22.64,26.57,30.46,28.02,27.02,33.55,27.2
6/2/2016,1,0.9,1.32,122.5,124.4,122.15,22600,123,121.85,123.738,42.15,36.53,45.21,817,1289,13.64,24.78,31.29,28.64,27.57,34.34,27.7
6/1/2016,1,0.29,0.08,121.5,123.1,120.85,18954,121.9,121.53,123.877,14.08,33.78,45.46,980,531,24.84,26.03,31,28.87,27.77,33.68,27.96
5/31/2016,1,0.21,-0.49,121.55,123.9,121.35,24155,121.55,121.51,124.008,8.8,36.03,47.28,988,939,24.99,26.23,28.25,26.27,25.29,30.68,25.83
5/27/2016,0,-0.16,-2.73,122.1,122.35,120.8,14174,121.3,121.63,124.09,6.49,40.68,48.2,1446,925,24.17,26.65,28,26.28,25.38,30.56,25.83
5/26/2016,1,0.08,-1.98,121.9,122.15,121.2,19400,121.5,122.31,124.145,28.27,45.6,48.2,1223,781,32.26,26.8,28.65,26.89,26.01,31.01,26.48
5/25/2016,0,-0.33,-6.69,122.45,122.95,121.2,18273,121.4,122.8,124.2,30.35,51.02,49.63,2660,1074,32.61,26.8,28.88,27.31,26.33,30.67,26.49
5/24/2016,0,-0.29,-8.21,122.45,123.3,121.55,15555,121.8,124.38,124.212,32.27,55.19,47.18,1625,785,32.91,27.01,29.41,27.81,26.74,31.24,26.93
5/23/2016,0,-2.04,-8.57,124.5,124.7,122,16033,122.15,126.39,124.305,36.69,56.79,48.81,1578,2069,33.67,27.88,29.57,27.95,27,31.47,27.17
5/20/2016,1,0.61,-4.15,124.75,125.95,124.25,15776,124.7,128.5,124.345,48.68,61.62,54.18,1283,969,33.31,27.35,29.33,27.98,26.87,31.15,27.51
5/19/2016,0,-4.73,-4.69,128.95,129,123.7,30392,123.95,129.32,124.203,51.39,56.18,54.09,3009,3143,34.04,28.2,31.02,29.5,28.33,32.65,28.38
5/18/2016,0,-1.96,0.27,128.85,129.65,128.15,22004,129.3,130.17,124.065,77.63,72.03,58.28,1703,2576,23.61,24.82,32.5,31.01,30.2,34.21,30.56
5/17/2016,0,-0.67,3.07,132.6,132.6,132.6,26659,131.85,129.89,123.805,94.12,79.51,62.13,3558,3830,17.21,24.42,32.46,31.1,30.3,33.94,30.88
5/16/2016,1,2.69,5.65,128.75,131.95,128.75,26155,132.7,128.9,123.44,#N/A N/A,67.21,60.71,1688,3084,14.36,24.26,31.98,30.86,30.12,33.43,30.32
5/13/2016,1,0.04,4.5,127.85,127.85,127.8,18504,128.8,127.39,123.11,95.33,64.32,51.66,3154,3627,12.54,23.43,32.55,31.05,30.11,34.08,30.66
5/12/2016,1,0.23,7.04,128.75,128.75,127.3,22049,128.2,126.32,123.058,81.01,63.87,50.81,2749,3372,17.74,25.91,32.97,31.27,30.16,34.68,30.23
5/11/2016,1,0.78,8.4,128.65,129.8,126.85,22811,127.9,124.86,123.033,81.25,60.79,50.97,1481,2010,17.65,25.91,32.8,31.04,29.94,34.74,29.91
5/10/2016,1,1.82,7.97,125.9,125.9,125.9,24147,126.9,123.1,123.003,75.11,49.45,49.4,2793,6146,18.77,25.82,32.91,31.22,29.84,35.09,30.19
5/9/2016,1,1.57,5.68,125.5,126.6,123.25,21957,125.15,121.44,123.022,49.65,48.43,46.25,2780,2890,27.35,25.48,31.84,30,28.88,34.2,28.54
5/6/2016,1,2.47,2.47,124,124,122.55,22701,123.45,120.23,123.135,51.2,48.78,45.4,1941,2500,28.01,25.19,31.31,29.48,28.26,33.46,28.49
5/5/2016,1,1.5,0.45,120.4,120.5,120.4,18649,120.9,119.71,123.272,42.51,45.11,38.82,1238,3087,25.25,24.41,30.88,29.01,27.77,33.18,28.1
5/4/2016,1,0.38,-1.48,118.9,119.15,118.8,14641,119.1,119.61,123.612,30.4,39.53,33.58,1942,1205,23.19,24.99,31.32,29.48,28.24,33.59,28.32
5/3/2016,0,-0.33,-5.17,122.65,120.8,118.7,17790,118.6,120,124.13,20.42,42.22,37.04,2254,3613,25.96,25.83,31.94,29.9,28.68,34.3,28.83
5/2/2016,0,-1.52,-3.16,122.1,122.1,119,14499,119.1,121.33,124.562,27.87,37.83,35.75,1390,1449,27.71,27.12,31.08,28.92,27.48,33.12,27.61
4/29/2016,1,0.45,-1.5,120.75,121.8,120.55,15718,120.85,122.13,125.053,39.74,44.34,39.25,1783,1994,29.25,27.24,29.38,27.6,26.28,31.65,26.71
4/28/2016,0,-0.45,-2.54,121.25,121.65,120,23887,120.4,122.51,125.425,42.01,49.9,43.75,6668,2743,29.71,27.66,29.69,27.74,26.52,31.85,27.01
4/27/2016,0,-3.38,-5.59,125.5,126.25,121.2,25800,121.05,123.14,125.658,43.23,52.55,47.4,4279,2013,29.65,29.96,30.14,28.49,27.38,32,27.06
4/26/2016,1,1.78,-1.68,123.6,125.95,123.6,14218,125.25,124.36,125.76,63.78,58.5,49.69,2121,1325,22.92,29.36,29.82,28.27,27.31,31.58,27.74
4/25/2016,1,0.16,-1.91,122.5,123.2,122.3,12129,123.1,124.48,125.772,44.4,55.37,48.82,1170,1413,25.01,29.09,28.9,27.57,26.86,30.8,27.13
4/22/2016,0,-0.6,-1.2,123.5,123.7,122,19285,122.75,124.66,125.815,47.9,49.89,51.84,2595,2018,25.7,29.24,30.08,28.3,27.02,32.16,27.26
4/21/2016,0,-3.57,-0.8,128.15,130,123.4,29513,123.55,124.7,125.743,59.45,42.8,52.33,6356,3098,28.43,30.64,31.26,29.35,27.76,33.05,27.87
4/20/2016,1,0.63,4.13,126.2,127.65,125.9,24496,127.15,124.62,125.653,77.32,49.33,56.32,3836,2201,21.09,29.27,31.45,29.76,28.38,33.21,27.71
4/19/2016,1,1.55,1.24,124.2,127.35,123.85,24960,125.85,123.54,125.422,65.7,47.32,56.52,1872,4516,23.63,29.17,31.33,29.53,28.24,33.04,27.52
4/18/2016,1,0.88,0.6,123.1,125.9,122.5,22101,124,123.29,125.182,62.3,41.4,54.86,1887,885,22.73,29.1,30.33,28.95,27.58,31.92,26.84
4/15/2016,0,-0.2,2.04,123.3,124.35,121.6,19610,122.95,123.16,125.008,50.56,36.07,56.6,1498,1106,24.4,29.03,31.03,29.83,28.31,32.63,27.67
4/14/2016,1,1.21,2.79,122.5,124.5,120.75,23830,123.15,122.66,124.763,38.42,39.47,58.49,2083,2332,31.11,30.04,30.43,28.76,27.35,32.26,26.95
4/13/2016,0,-2.17,0.13,124,125.5,121.45,33537,121.75,121.99,124.437,32.73,29.72,58.09,2628,1918,29.82,30.38,31.63,29.98,28.51,33.39,28.05
4/12/2016,1,0.91,2.86,123.4,125.2,122.65,24457,124.6,121.94,124.128,41.49,28.84,60.97,1333,1606,27.96,29.35,32.34,30.61,29.25,34.04,28.76
4/11/2016,1,2.32,0.36,121.35,123.65,119.8,26126,123.35,121.2,123.73,34.59,33.98,59.66,3126,1014,26.97,29.31,31.15,29.47,28.08,32.84,27.32
4/8/2016,1,0.53,-5.35,119.8,121.3,119.05,30666,120.45,121.09,123.385,14.78,23.2,55.54,1216,1833,21.28,28.65,31.95,28.53,31.11,39.03,36.08
4/7/2016,0,-1.4,-6,122.35,122.6,119.6,33162,119.8,122.45,123.192,17.3,26.72,54.56,997,3044,21.78,29.06,32.4,29.88,29.88,35.53,32.56
4/6/2016,1,0.5,-4.33,121.45,122.15,120,18451,121.5,123.98,123.033,14.96,39.86,53.48,245,1963,24.24,28.7,32.84,30.67,30.01,35.89,31.9
4/5/2016,0,-1.55,-5.14,122.85,122.85,120.55,26462,120.9,125.08,122.91,8.71,44.97,50.96,322,1426,24.53,29.67,32.39,30.18,29.36,35.37,30.21
4/4/2016,0,-3.5,-4.47,125.8,126.55,122.3,25563,122.8,126.39,122.875,25.49,45.54,56.21,1068,2004,30.77,29.76,30.89,28.96,28.52,33.21,29.74
4/1/2016,0,-0.16,-0.24,127.35,127.9,124.4,24289,127.25,127.54,122.64,28.98,55.06,62.15,1261,965,26.67,29.22,31.22,29.69,28.83,33.45,29.56
3/31/2016,1,0.35,-2.78,127.45,128.15,125.2,17677,127.45,127.6,122.203,36.89,60.79,61.92,1295,1254,28.66,29.35,32.47,30.86,29.73,34.23,30.78
3/30/2016,0,-0.35,-5.68,128.25,130,126.2,23135,127,128.33,121.773,49.07,59.75,61.2,2341,996,35.64,29.43,33.68,32.08,31.02,35.42,32.35
3/29/2016,0,-0.86,-3.12,128.6,128.65,126.15,14110,127.45,129.86,121.37,56.88,61.42,60.98,2316,883,38.27,29.42,34.93,33.39,32.28,36.7,32.82
3/28/2016,1,0.78,-4.28,127.45,129.55,126.5,17887,128.55,130.68,120.973,55.96,65.37,63.97,788,854,38.65,29.32,33.08,31.64,30.92,34.64,31.91
3/24/2016,0,-2.71,-3.77,130.95,130.95,127.4,19038,127.55,131.74,120.455,56.31,63.96,61.35,2827,1540,38.74,29.83,34.8,33.59,32.57,35.95,32.89
3/23/2016,0,-2.64,1.59,135,136.4,129.3,19204,131.1,132.63,120.028,70.83,75,65.47,1457,1930,36.6,28.84,35.33,34.27,33.26,36.44,33.07
3/22/2016,1,2.36,7.12,132,134.9,131.75,18662,134.65,131.89,119.483,81.51,85.86,68.79,1684,1119,30.63,27.21,34.44,33.4,32.65,35.56,32.73
3/21/2016,0,-2.05,3.42,133.7,133.7,130.65,22079,131.55,129.78,118.853,79.18,84.7,60.75,2122,1480,30,26.96,34.89,34,33.39,35.86,33.15
3/18/2016,1,1.32,6.76,132.1,134.25,132.1,22596,133.85,128.59,118.482,90.64,91.9,60.17,2438,4583,25.02,29.31,34.69,33.64,32.69,35.74,32.66
3/17/2016,1,2.71,8.51,127.75,134.4,127.75,37821,132,126.7,118.127,88.82,89.92,60.02,5189,3710,26.22,30.18,32.54,31.46,30.38,33.76,29.98
3/16/2016,1,2.67,5.48,124.25,127.5,124.25,28241,127.4,124.42,117.778,87.82,80.58,57.66,3473,2628,24.1,28.62,32.11,31,30.15,33.25,29.83
3/15/2016,0,-1.18,3.29,125,125,125,21794,124.1,123.11,117.527,86.94,75.21,56.61,3183,5170,22.96,27.87,32.93,31.56,30.3,34.31,30.19
3/14/2016,1,1.11,5.21,125,125,123.35,25791,125.6,122.33,117.315,97.12,70.31,59.65,2377,2595,18.89,27.98,33.46,31.99,30.72,34.87,29.99
3/11/2016,1,2.99,3.92,123,124.05,123,26167,124.4,120.94,117.007,95.72,61.35,55.3,9103,3445,20.26,28.05,32.55,30.8,29.61,34.26,29.02
3/10/2016,0,-0.16,3.65,119.6,119.6,118.6,22763,120.6,119.82,116.832,90.43,61.92,52.57,1812,2704,17.41,27.64,33.81,32,30.46,35.58,29.87
3/9/2016,1,0.53,5.88,121.1,121.15,121.1,18325,120.85,118.82,116.752,78.7,65.44,54.33,3382,2100,20.56,27.72,34.32,32.53,31.1,36.02,30.72
3/8/2016,1,0.66,6.06,119,120.8,116.9,18837,120.2,117.32,116.613,74.41,63.17,53.94,2608,1984,21.17,27.92,34.76,32.86,31.45,36.68,31.32
3/7/2016,0,-0.12,5.08,117.65,119.25,117.2,21896,118.65,115.78,116.488,53.62,59.26,52.85,2448,2512,25.34,27.68,35.2,33.35,32.16,37.29,31.79
3/4/2016,1,2.72,5.08,117.9,121.3,117.8,22671,118.8,114.58,116.4,46.15,57.83,54.59,2939,1788,27.16,27.69,32.7,30.73,29.35,34.96,29.01
3/3/2016,1,1.99,1.46,114.3,115.4,114.3,20382,115.6,113.42,116.253,49.48,56.47,54.21,2339,1253,29.86,26.77,31.37,29.26,27.86,33.95,27.67
3/2/2016,1,0.7,-1.24,112.35,113.9,111.35,13877,113.35,113.23,116.12,47.12,46.43,47.67,946,493,28.76,27.15,30.45,28.5,27.09,32.42,26.73
3/1/2016,0,-0.26,-3.77,114.3,114.3,111.5,20890,112.5,113.57,116.197,42.38,44,47.56,3072,1803,28.34,29.13,31.11,29.25,27.84,33.01,27.7
2/29/2016,0,-0.13,-4.6,112.3,113.35,112.25,18347,112.65,114.63,116.277,41.76,42.09,46.75,2105,1347,28.34,29.21,30.33,28.44,27.2,32.21,27.08
2/26/2016,0,-0.82,-1.16,114.35,114.35,113.35,14425,113,116.07,116.385,40.86,34.52,48.23,1107,882,28.4,29.3,31,29.27,27.84,32.86,27.96
2/25/2016,0,-0.73,0.04,115.4,117,115.15,16766,114.65,116.62,116.445,55.56,32.93,50.3,848,2185,30.17,29.15,31.93,30.37,29.35,33.86,29.32
2/24/2016,0,-1.89,0.34,117.1,117.5,113.4,19481,115.05,116.52,116.435,50.93,37.64,50.61,1861,3919,31.47,29.15,32.98,31.33,30.22,34.75,30.02
2/23/2016,0,-1.12,1.92,119.5,119.5,118,13287,117.8,116.42,116.415,61.34,45.94,48.83,1667,1305,28.01,28.21,34.16,32.5,31.45,35.82,30.82
2/22/2016,1,3.47,2.64,116.2,120.35,116.2,20286,119.85,115.84,116.455,66.53,54.15,51.41,1712,2870,26.33,30.19,31.4,29.79,28.59,33.1,28.56
2/19/2016,1,0.39,1.35,114.25,116.65,114,17365,115.75,114.98,116.408,32.05,48.67,45.53,2601,2577,28.13,28.27,32.17,30.59,29.2,33.74,28.93
2/18/2016,0,-0.43,-0.63,114.7,115.1,113.2,23641,114.15,114.43,116.548,18.02,39.5,40.87,1278,1141,27.32,28.11,32.59,30.97,29.77,34.23,29.32
2/17/2016,0,-0.34,-0.2,115,115.8,113.85,29361,114.55,114.55,116.843,27.27,42.51,40.45,645,1554,29.74,28.97,32.28,30.79,29.63,33.9,29.42
2/12/2016,1,2.17,-4.13,113.75,117.25,113.75,32844,115.55,114.76,117.548,43.96,48.21,42.47,2064,1135,33.93,29.59,32.27,30.72,29.64,33.91,29.53
2/11/2016,0,-1.57,-8.3,114.9,115.1,112.5,33032,113,115.73,117.818,40.18,43.48,42.1,187,1795,31.91,29.76,31.98,30.07,28.87,33.97,28.41
2/10/2016,0,0,-5.58,114.7,116.1,114.55,24009,114.75,117.77,118.1,37.85,50.77,45.93,142,537,33.24,30.16,32.17,30.12,28.93,34.68,29.17
2/9/2016,0,-0.89,-4.24,115.95,116.75,114.6,26437,114.75,119.13,118.247,40.94,56.14,45.46,192,1033,33.84,30.81,32.95,30.72,29.45,35.35,29.52
2/8/2016,0,-3.82,-1.65,120,120,115.65,34810,115.75,120.15,118.412,47.57,50.17,45.26,1203,1148,34.68,30.74,33.83,31.47,30.08,36.21,30.65
2/5/2016,0,-2.27,3.48,123.4,124,120.1,25389,120.4,120.55,118.585,63.04,61.09,51.2,1849,1104,25.74,28.54,35.91,33.57,32.13,38.22,32.43
2/4/2016,1,1.36,3.4,121.4,123.8,121.35,22864,123.2,119.74,118.543,78.13,65.87,55.61,1885,3486,20.12,27.98,34.94,32.37,30.78,37.36,30.76
2/3/2016,1,1.42,2.83,119.7,121.7,118.1,25411,121.55,118.93,118.353,78.04,65.03,53.09,2718,1725,20.16,28,34.58,31.82,30.36,37.22,30.29
2/2/2016,1,1.78,2.7,117.45,120.5,116.75,21703,119.85,118.26,118.25,79.78,62.97,52.09,1094,635,22.15,27.83,32.68,30.62,29.2,35.13,29.67
2/1/2016,1,1.2,1.12,115.8,117.95,114.95,18147,117.75,117.63,118.182,56.65,58.59,49.63,531,1256,31.21,27.37,31.28,28.86,27.57,33.74,28.3
1/29/2016,0,-2.35,0.3,119.25,119.85,115.85,21654,116.35,117.37,118.193,54.79,44.07,50.72,1056,1519,30.78,27.12,33.18,30.84,29.33,35.72,29.13
1/28/2016,1,0.8,4.15,118.2,120.05,117.8,17077,119.15,117.3,118.17,62.17,51.74,52.02,1218,728,27.68,26.86,34.18,31.77,29.98,36.68,29.83
1/27/2016,1,1.29,5.91,116.55,120.3,116.3,29239,118.2,116.35,118.107,62.59,45.76,50.11,2394,4376,27.78,27.13,33.49,31.12,29.33,35.87,28.76
1/26/2016,1,0.21,0.91,116.15,117.2,114.65,19565,116.7,115.03,118.103,59.44,35.81,44.06,1160,1944,27.19,26.93,33.84,31.55,29.89,36.27,29.38
1/25/2016,1,0.39,1.35,114.7,117.15,114.15,15822,116.45,114.82,118.302,58.13,33.7,42.75,691,542,27.24,29.15,32.96,30.7,29.15,35.81,28.81
1/22/2016,1,1.4,0.09,115,117.5,114.7,22708,116,114.51,118.548,40.85,28.77,44.01,3477,2156,34.91,29.19,33.75,31.43,29.88,36.1,29.72
1/21/2016,1,2.51,-0.35,112,114.65,111.6,19200,114.4,114.49,118.757,36.81,32.65,41.9,1920,1212,33.8,29.14,33.07,30.71,28.85,35.56,28.11
1/20/2016,0,-3.5,-2.4,114.65,114.7,111.05,23279,111.6,114.57,119.032,20.28,31.09,37.47,2151,3619,29.16,27.91,33.56,31.24,29.63,36.19,29.01
1/19/2016,1,0.65,1.05,114.3,116.6,113.6,16891,115.65,115.12,119.445,21.84,42.8,43.25,840,1029,26.33,26.17,32.18,29.96,28.38,34.67,27.91
1/15/2016,0,-0.86,-3.45,115.6,115.65,113.65,13504,114.9,114.88,119.658,15.91,40.04,47.15,1795,1796,25.07,26.61,34.53,32.35,30.48,36.81,29.74
1/14/2016,1,0.96,-2.15,114.8,116.1,113.5,15884,115.9,115.7,119.755,14,39.63,48.76,2067,1627,26.17,28.79,34.5,32.41,30.79,36.82,29.93
1/13/2016,1,0.39,-4.29,114.5,115.9,114.35,14820,114.8,116.21,119.797,23.89,41.32,47.89,792,849,30.59,28.68,34.82,32.75,31.19,37.1,30.39
1/12/2016,0,-0.09,-7.03,114.5,115.3,113.6,20314,114.35,117.24,119.867,31.02,44,43.77,4675,5168,33.22,28.66,33.13,30.46,28.29,35.52,27.75
1/11/2016,0,-3.82,-7.63,118,118.05,113.6,30435,114.45,118.97,120.088,38.76,42.62,42.34,4445,3466,35.98,30.38,33.57,31.23,28.98,35.87,28.23
1/8/2016,1,0.46,-6.08,119.6,119.9,118.25,15563,119,120.86,120.37,47.93,52.59,46.62,1659,1054,29.41,28.48,36.38,32.78,31.8,41.71,36.5
1/7/2016,0,-1.25,-4.21,119.05,119.2,117.9,14218,118.45,122.4,120.485,42.9,50.76,48.58,2297,1170,29.64,28.47,36.54,33.89,32.39,39.65,34.61
1/6/2016,0,-2.48,-1.24,123.05,123.25,119.5,16611,119.95,123.44,120.535,52.23,59,48.18,2083,1847,30.24,28.96,38.3,35.88,34.24,40.8,34.72
1/5/2016,0,-0.73,3.23,123.9,125.1,121.75,13882,123,123.74,120.6,66.67,62.81,52.96,2727,2291,26.43,28.35,39.71,37.34,35.5,42.24,35.09
1/4/2016,0,-2.21,3.51,126.15,126.3,122.05,21955,123.9,122.97,120.497,66.47,62.95,59.51,1443,3921,26.55,28.66,37.24,34.82,33.45,39.41,33.65
12/31/2015,1,2.47,4.75,123.8,126.8,123.65,11397,126.7,122.13,120.125,80.9,58.39,60.85,1594,2260,20.84,32.95,35.31,33.09,31.75,37.84,31.98
12/30/2015,1,1.81,3.78,121.5,123.75,121.25,11479,123.65,120.98,119.71,73.82,49.55,58.55,1601,492,18.94,32.72,35.15,32.77,31.67,37.58,31.49
12/29/2015,1,1.93,3.36,118.85,122.4,118.4,10579,121.45,120.08,119.4,74.37,48.16,58.55,1732,1151,19.66,32.39,34.46,32.16,30.67,36.8,30.49
12/28/2015,0,-0.46,0.13,119.7,119.8,118.3,5179,119.15,119.29,119.09,58.48,41.16,53.48,645,384,20.15,32.4,32.65,30.36,28.93,35.09,28.7
12/24/2015,0,-1.03,1.18,121,121.4,118.9,4811,119.7,119.15,118.962,56.96,39.56,52.58,266,142,20.47,33.56,33.21,31.01,29.6,35.52,29.53
12/23/2015,1,1.51,1.43,119.2,121.4,118.2,10761,120.95,118.77,118.865,44.26,47.42,54.19,633,709,29.12,33.65,32.66,30.37,28.78,34.92,28.74
12/22/2015,1,1.4,-0.63,117.75,119.45,117.6,8437,119.15,118.2,118.71,33.45,52.84,51.27,1372,608,27.54,33.4,32.37,30.22,28.93,34.74,28.96
12/21/2015,0,-1.26,-2,118.25,119.25,116.8,10254,117.5,117.5,118.663,33.22,50.77,49.77,1597,1958,27.34,33.37,31.54,29.64,28.32,33.47,28.21
12/18/2015,1,0.59,-1.82,118.8,120.4,118.3,11634,118.45,117.45,118.672,34.56,53.51,47.8,1430,271,27.26,33.28,31.41,29.54,28.09,33.49,27.78
12/17/2015,0,-0.8,-6.37,117.05,117.55,117.05,12087,117.8,117.38,118.753,28.32,43.73,47.56,1299,1402,26.85,34.16,32.17,30.03,28.59,34.21,28.81
12/16/2015,0,-0.54,-5.95,119.2,119.2,119.2,12688,118.1,118.35,118.843,37.62,41.14,48.06,1045,811,29.26,34.18,33.64,31.63,30.33,35.57,29.94
12/15/2015,0,0,-4.23,120.35,121.75,118.95,12009,115.65,119.5,118.915,43.94,36.45,47.1,1077,474,33.89,33.53,33.26,31.32,30.22,35.29,30.29
12/14/2015,0,-1.07,-4.88,117.25,117.5,116.2,18817,117.25,120.82,119.02,50.3,44.81,46.63,3110,3338,33.31,33.54,32.3,30.6,29.11,34.1,28.54
12/11/2015,0,-4.08,-4.53,126.35,126.4,120.85,21562,118.1,121.9,119.143,53.7,42.99,47.99,6056,5839,33.02,33.89,33.86,32.36,31,35.42,30.41
12/10/2015,0,-0.35,1.2,126.8,127.65,124.9,9641,122.65,123.08,119.217,55.24,55.6,53.46,2207,1663,31.77,31.93,34.79,33.17,31.92,36.41,31.36
12/9/2015,1,1.28,5.27,122.75,124.6,122.75,12425,123.85,122.96,119.098,52.89,68.2,56.3,3083,3287,32.58,31.88,35.07,33.66,32.46,36.55,32.11
12/8/2015,0,-0.67,4.42,125,126.95,121,14048,122.25,121.75,118.88,49.35,63.16,54.92,2509,1568,31.83,31.96,35.73,34.04,32.8,37.49,32.54
12/7/2015,0,-0.71,5.35,123.55,123.9,122.55,17426,122.65,120.73,118.715,57.76,63.79,54.11,2292,2568,33.62,31.93,35.98,34.25,33.22,37.74,33.29
12/4/2015,1,1.68,2.71,122.25,123.5,122.25,15965,124,119.58,118.575,55.83,69.14,54.06,2346,4138,34.4,31.89,36.91,35.23,34.04,38.46,34.06
12/3/2015,1,3.65,-0.56,120.1,120.1,120.1,20138,122.05,118.98,118.437,55.96,60.5,51.04,3131,4141,34.49,31.81,34.52,32.5,30.88,36.57,30.32
12/2/2015,1,0.46,-3.25,116.9,117.6,116.9,9536,117.8,119.15,118.402,62.05,51.7,43.03,2012,1059,44.18,30.04,35.15,32.93,31.3,37.36,30.75
12/1/2015,1,0.21,-2.08,116.3,116.55,115.75,13352,117.15,120.08,118.633,56.65,51.45,43.26,1497,1385,45.23,31.24,34.94,32.86,31.29,37.01,30.89
11/30/2015,0,-3.2,-3.82,120.6,120.6,115.85,23368,116.9,120.64,118.858,55.89,48.6,41.35,2812,2979,45.27,31.33,33.91,32.08,30.6,35.75,30.33
11/27/2015,0,-1.55,1.15,120.95,120.95,120.8,9201,121,121.64,119.157,72.41,56.17,38.56,420,715,39.94,30,34.26,32.57,31.2,36.21,31.18
11/25/2015,1,0.84,8.47,122.65,122.65,120.6,15099,122.9,121.42,119.58,68.1,53.62,39.23,867,1080,42.74,34.63,34.95,33.11,31.68,36.82,31.37
11/24/2015,1,1.67,5.29,121.25,123,120.15,13894,122.45,119.39,119.972,62.81,53.54,39.06,1521,783,44.08,34.59,35.15,33.39,32,37.05,31.76
11/23/2015,0,-1.57,3.6,122.3,122.3,118.85,13024,119.95,117.75,120.368,59.1,49.41,36.02,2036,438,43.09,33.84,35.44,33.81,32.48,37.17,32.3
11/20/2015,1,1.8,7.43,120.95,123.95,120.3,21789,121.9,116.63,120.853,60.61,56.25,40.85,6246,3355,42.58,33.64,34.43,32.84,31.71,36.15,31.29
11/19/2015,1,5.57,2.91,112.5,120.05,112.5,22109,119.9,114.68,121.177,56.13,47.9,42.11,2640,1753,41.9,33.96,33.25,31.17,29.98,35.47,29.6
11/18/2015,0,-2.11,-3.68,114,114.95,111.85,25415,112.75,113.76,121.462,19.93,29.54,36.54,1955,826,24.29,28.82,34.46,32.62,31.15,36.41,30.3
11/17/2015,1,0.04,-1.21,114.7,115.9,113.7,22149,114.25,114.57,121.905,24.9,36.64,36.14,2084,1195,24.7,29.51,34.72,32.95,31.44,36.61,30.98
11/16/2015,1,2.07,-2.52,112.5,115,112.2,27037,114.35,114.98,122.367,26.59,42.57,36.9,1928,2203,24.95,29.74,32.82,31.16,30.08,34.52,29.75
11/13/2015,0,-2.48,-4.47,115.85,116.2,111.6,31934,112.15,115.66,122.807,21.94,35.41,38.19,8441,6041,22.78,28.97,33.86,32.26,30.87,35.57,30.46
11/12/2015,0,-1.19,-4.59,116.95,117.15,115,32286,115.3,116.78,123.212,23.96,39.94,44.74,365,1098,20.28,29.41,35.95,34.04,32.64,37.73,32.56
11/10/2015,0,-1.28,-3.3,118.25,118.55,115.75,30449,116.3,118.64,123.545,36.92,35.49,45.53,137,869,21.34,30.66,36.51,34.78,33.21,38.35,33.19
11/9/2015,1,0.03,-0.85,118.05,119.7,116.95,31233,117.75,119.43,123.697,52.04,31.08,48.63,938,2596,22.38,30.51,35.62,33.69,32.21,37.72,32.96
11/6/2015,0,-2.61,-2.65,120.75,121.15,116.9,30163,117.75,119.64,123.743,52.04,34.11,45.48,970,1576,22.38,30.85,37.47,35.56,34.17,39.41,34.43
11/5/2015,1,0.33,0.5,120.1,122,118.75,24719,120.9,120.28,123.908,63.54,36.36,52.32,994,581,17.05,31.09,37.25,35.42,33.94,39.23,34.15
11/4/2015,1,0.21,1.18,120.05,122.35,119.8,14613,120.5,120.16,123.822,53.23,24.22,53.73,678,1323,18.6,33,37.12,35.2,33.82,39.16,33.95
11/3/2015,1,1.22,2.51,118.65,121.7,117.8,17080,120.25,119.88,123.678,46.58,22.62,54.12,1308,2122,19.34,33.4,36.95,35.15,33.94,38.88,34.05
11/2/2015,0,-1.78,1.28,121,121.4,118,14813,118.8,119.29,123.518,27.55,19.09,51.32,815,797,23.32,33.27,36.84,34.82,33.43,38.94,33.38
10/30/2015,1,0.54,2.11,121.05,121.95,119.15,14088,120.95,118.99,123.467,37.66,20.73,56.3,1445,1403,22.8,33.15,35.84,33.98,32.6,37.88,32.49
10/29/2015,1,1.01,0.38,119.45,120.55,118.2,12882,120.3,118.49,123.213,29.06,27.76,55.69,1170,689,23.18,34.56,35.51,33.9,32.5,37.4,32.59
10/28/2015,1,1.53,-1.57,117.45,119.95,117,14881,119.1,118.4,122.987,13.32,32.91,54.5,1242,1679,35.85,34.48,34.02,32.47,31.83,35.75,32.44
10/27/2015,0,0,-5.97,117.7,118.45,116.6,19124,117.3,118.78,122.81,4.46,34.35,51.53,1624,1844,31.96,34.24,34.01,32.23,31.48,36.15,31.86
10/26/2015,0,-0.97,-5.33,118,118.95,116.3,14862,117.3,120.27,122.75,5.94,32,50.25,1203,2441,32.33,34.57,33.13,31.5,30.61,34.8,31.35
10/23/2015,0,-1.17,-5.88,119.8,120.8,117.55,16428,118.45,121.59,122.74,6.27,34.52,54.06,5993,2163,33.12,34.67,35.3,33.69,32.49,37.26,32.6
10/22/2015,0,-0.95,-10.36,121.5,122.1,119.75,13058,119.85,123.07,122.57,20.4,42.88,55.51,1553,1675,38.39,35.68,35.4,33.96,33.01,37.39,33.16
10/21/2015,0,-3.01,-10.14,124.8,124.95,120.55,16279,121,125.84,122.343,32.95,50.37,52.45,1846,1957,42.68,35.5,36.72,35.06,33.66,38.48,33.39
10/20/2015,1,0.69,-7.15,123.8,125.4,123.25,12708,124.75,128.57,122.237,46.83,55.57,55.72,2141,1377,41.95,36.54,37.42,35.76,34.58,39.11,34.41
10/19/2015,0,-1.55,-7.88,126.1,126.2,123.5,16802,123.9,130.49,122.002,40.32,55.06,56.42,3239,2537,42.34,36.51,38.01,36.27,35.04,39.72,34.7
10/16/2015,0,-5.87,-4.37,132.25,132.4,125.05,28670,125.85,132.61,121.733,45.81,61.2,57.9,8219,2962,41.87,36.34,42.55,40.84,39.49,44.1,38.73
10/15/2015,0,-0.71,4.09,134,135.95,132.25,20129,133.7,133.76,121.412,79.94,71.48,67.37,5539,2689,24.38,30.66,45.21,43.34,41.45,47.14,40.02
10/14/2015,1,0.22,6.82,134.7,137.5,133.8,19676,134.65,132.71,120.778,87.98,78.14,65.69,2993,2860,24.78,30.53,44.13,42.36,40.7,45.94,39.61
10/13/2015,0,-0.11,4.88,134.7,137.1,133.1,21540,134.35,130.99,120.192,84.95,79.42,61.64,4289,5161,25.98,31.48,44.11,41.86,40.18,46.25,39.45
10/9/2015,1,2.45,5.87,129,134.25,128.95,24404,131.6,128.35,119.263,85.07,73.64,59.26,10897,6350,24.67,32.61,42.07,39.78,39.39,46.78,43.64
10/8/2015,1,1.9,6.38,126.05,128.8,125.2,15610,128.45,126.89,118.912,65.84,74.28,58.68,3140,2439,31.28,32.02,41.42,39.69,39.06,43.86,40.34
10/7/2015,0,-1.6,3.87,127.7,130.25,124.5,23739,126.05,125.35,118.587,69.23,71.75,58.12,3725,3242,35.03,32.05,41.03,39.13,38.38,43.37,39.05
10/6/2015,1,0.43,6,127.05,129.05,126.15,14486,128.1,124.41,118.287,79.46,76.38,59.85,3020,2303,32.38,31.73,43.15,41.6,40.86,45.22,41.29
10/5/2015,1,2.61,7.05,125,129.65,124.3,22257,127.55,122.96,117.933,79.66,71.33,54.9,5748,4186,32.26,31.8,40.34,38.42,37.38,42.66,37.87
10/2/2015,1,2.94,1.3,121.25,125.25,119.35,19635,124.3,121.28,117.745,68.6,63.77,47.22,2886,966,33.73,33.09,38.55,36.77,35.9,40.72,36.64
10/1/2015,0,-0.49,2.07,121.3,122.45,119.1,12785,120.75,120.96,117.857,69.17,63.91,41.35,3028,790,34.86,34.72,39.17,37.22,36.26,41.51,36.74
9/30/2015,1,0.41,4.43,121.1,122.6,118.85,16306,121.35,120.47,118.203,70.82,65.78,39.04,1284,415,34.51,35.52,39.15,37.46,36.44,41.12,36.86
9/29/2015,1,1.43,4.68,119.15,122.9,117.95,16648,120.85,119.44,118.668,68.9,54.99,39.09,3032,1038,34.91,36.45,40.09,38.28,37.12,42.14,37.68
9/28/2015,0,-2.89,1.62,122.7,122.7,118.3,14075,119.15,118.36,119.132,59.79,52.5,35.83,2052,1047,36.34,36.11,39.24,37.46,36.48,41.28,37.31
9/25/2015,1,3.72,3.68,120,123.35,119.9,22305,122.7,117.98,119.743,67.17,62.57,38.36,6636,2525,32.37,35.62,38.68,36.71,35.51,40.69,35.57
9/24/2015,1,1.81,-0.21,115.75,119.45,114.55,16570,118.3,116.11,120.222,65.62,54.53,39.15,2447,1402,30.93,33.44,37.58,35.85,34.88,39.73,35.22
9/23/2015,1,0.65,-1.61,115.45,117.2,114.75,14180,116.2,115.15,120.673,61.21,53.32,34.02,1327,794,29.89,35.29,37.36,35.43,34.24,39.61,34.75
9/22/2015,0,-1.54,-2.74,116.8,117.3,115.05,12590,115.45,114.67,121.373,43.49,46.69,36.85,2116,1586,37.98,36.67,37.46,35.43,34.33,39.31,34.82
9/21/2015,0,-0.93,-2.45,118,119.8,116.35,14535,117.25,114.68,121.975,48.62,43.63,42.73,5444,1301,37.14,37.86,35.9,34.25,33.11,37.56,33.38
9/18/2015,0,-0.17,1.54,118.9,120.3,116.85,13580,113.35,114.63,122.327,41.26,33.94,42.45,1984,735,32.75,38.88,35.97,34.36,33.26,37.68,33.35
9/17/2015,1,0.38,1.85,118,119.15,116.65,13092,113.5,114.63,122.69,40.69,33.26,41.59,3649,1733,32.74,40.06,36.25,34.57,33.23,38.09,33.24
9/16/2015,0,-0.51,-2.48,115.55,115.55,115.55,10142,113.8,114.54,123.103,47.13,40.04,42.54,2580,1974,33.8,40.17,36.78,35.29,34.27,38.54,34.15
9/15/2015,0,-1.25,-1.9,120.2,121.4,117.75,12111,115.5,115.34,123.473,45.26,46.84,44.26,840,1851,34.65,40.16,38.34,37.03,35.78,39.87,35.93
9/14/2015,1,3.13,0.88,114.9,114.9,114.9,17471,117,115.78,123.755,40.33,48.94,44.38,2598,2718,37.45,40.14,37.99,36.42,35.25,39.73,35.08
9/11/2015,1,0.13,-2.51,113.2,113.2,113.2,11790,113.35,115.55,124.03,26.01,32.37,41.77,3713,2361,31.23,38.82,38.78,37.22,35.84,40.54,35.37
9/10/2015,0,-3.88,-1.65,120,120.2,116.25,21191,113.05,116.12,124.415,23.51,25.42,43.73,3879,1830,30.75,38.82,39.12,37.56,36.23,40.75,35.67
9/9/2015,1,0.08,0.25,120.75,122.45,119.2,12252,117.8,116.45,124.718,46.46,26.54,48.24,1478,1560,26.2,37.73,39.2,37.73,36.7,41.33,36.46
9/8/2015,1,1.55,-2.65,116.7,116.75,116.2,12115,117.7,116.3,124.8,52.28,22.92,48.07,1629,3395,27.4,38.06,39.18,37.66,36.66,40.89,36.49
9/4/2015,0,-0.33,-3.95,116.5,116.5,115.7,8998,115.85,116.87,124.89,43.58,19.71,45.42,2148,965,25.85,37.72,40.55,39.13,38.04,42.11,37.65
9/3/2015,1,1.01,-4.01,115.4,116.45,114.7,13633,116.2,117.79,125.103,33.14,18.3,46.19,4118,1491,32.07,37.94,40.9,39.3,38.01,42.62,37.98
9/2/2015,0,-2.03,-3.15,117.25,117.25,115.4,20215,114.7,118.76,125.282,19.39,15.67,42.83,5163,2707,36.52,37.74,40.14,38.61,37.68,41.93,37.85
9/1/2015,0,-2.82,0.21,119.55,119.55,119.55,15377,117.05,119.56,125.627,18.39,29.1,45.21,2737,2170,37.2,38.18,40.96,39.27,38.33,42.89,38.3
8/31/2015,1,0.2,2.14,121,121,121,13461,120.55,119.56,125.853,17.86,27.65,46.19,2986,1773,37.46,37.39,40.25,38.59,37.21,41.99,36.68
8/28/2015,0,-0.4,-1.9,120.75,121.3,120.6,11687,120.45,118.95,126.03,19.44,34.03,45.36,1411,1006,37.88,37.65,42.07,40.3,38.66,43.74,38.02
8/27/2015,1,1.92,-5.96,120.75,122.45,120.7,16219,121.05,119.24,126.248,17.81,42.66,45.45,3344,2874,37.79,37.71,41.34,39.56,38.19,43.15,37.75
8/26/2015,1,1.37,-9.35,117.65,119.2,117.1,17673,118.7,120.56,126.462,11.21,44.11,43.22,6385,2392,33.86,37.13,40.29,38.62,37.33,42.13,37.18
8/25/2015,0,-0.94,-13.3,118.4,120.15,117.5,23532,117.05,123.05,126.772,22.79,40.62,40.7,3165,3375,42.47,36.78,39.61,37.36,35.41,41.94,34.68
8/24/2015,0,-3.76,-12.16,121.2,121.95,117.15,27841,117.5,126.7,127.198,19.31,42.24,43.65,6047,6779,44.24,36.93,35.16,33.04,31.42,37.35,31.17
8/21/2015,0,-4.53,-10.41,128.55,128.75,121.95,27654,121.9,130.15,127.502,31.53,47.68,49.26,5122,7387,48.27,36.41,34.82,32.97,31.34,36.93,31.14
8/20/2015,0,-1.74,-5.8,131.5,131.85,127.55,30266,127.65,133.27,127.537,49.76,53.02,53.75,4956,3468,50.57,34.75,35.26,33.48,31.72,37.29,31.75
8/19/2015,0,-3.06,-0.33,136,136.9,130.9,32336,131.15,135.15,127.373,60.99,58.53,56.43,1664,2858,49.71,33.62,37.09,35.3,33.84,38.93,33.56
8/18/2015,1,0.36,-1.04,134.7,136.35,133.1,20635,135.3,135.29,127.107,66.26,68.65,60.63,1358,1720,46.16,32.05,38.82,37.15,35.6,40.74,35.23
8/17/2015,0,-1.84,1.35,135.95,137.35,134.35,24387,134.75,135.67,126.693,66.78,69.81,59.85,2351,2504,46.1,32.05,40.04,38.11,36.93,42.16,36.67
8/14/2015,1,0.39,7.83,137.5,139,136.3,28795,137.5,135.42,126.312,74.59,75.15,60.31,1920,1328,42.79,31.29,41.94,39.7,37.81,44.38,37.63
8/13/2015,1,3.95,10.48,131.95,138,131.9,35022,137.05,133.48,125.915,70.77,70.9,60.35,2109,702,44.26,32,40.08,38.47,37.47,42.36,36.9
8/12/2015,0,-3.74,4.88,137.25,138.05,131.4,35342,131.85,130.92,125.517,64.76,66.67,51.03,937,809,40.77,30.03,42.33,40.34,38.93,44.61,38.11
8/11/2015,1,2.78,9.83,133.75,137.55,133.4,37877,137.2,129.73,125.477,85.92,70.91,56.05,2483,1159,30.45,30.51,41.24,38.81,37.48,43.61,37.58
8/10/2015,1,4.44,7.68,127.15,133.9,127,40702,133.5,127.27,125.263,84.6,68.17,51.8,2944,1615,29.28,29.46,40.41,37.5,35.42,43.35,34.9
8/7/2015,1,2.86,2.04,124.25,128.85,123.65,26356,127.8,125.36,125.203,77.21,54.27,43.97,2754,1025,22.47,26.35,36.4,33.72,32.39,39.22,33.4
8/6/2015,0,-1.31,-0.52,125.5,128.45,123.95,24081,124.25,124.85,125.388,58.4,43.28,39.37,1090,1540,21.01,24.93,35.9,33.35,31.69,38.48,32.67
8/5/2015,1,0.8,3.07,124.5,126.45,123.25,22025,125.9,124.98,125.69,69.86,45.97,48.06,1141,617,18.99,24.72,36.45,33.66,32.02,39.03,33.06
8/4/2015,1,0.77,3.87,123.9,126.2,123,19222,124.9,124.23,125.75,49.44,41.76,44.34,410,1378,25.43,28.02,35.8,33.22,32.26,38.76,33
8/3/2015,0,-1.04,2.95,125.1,125.2,121.75,17831,123.95,123.3,125.932,50.36,35.03,46.83,723,1574,25.65,28.5,35.17,32.45,31.28,37.55,31.73
7/31/2015,1,0.28,2.45,125.15,127.65,124.15,21107,125.25,122.59,126.038,47.92,46.88,46.59,1337,1877,26.55,29.44,35.38,33.15,31.64,37.8,32.1
7/30/2015,1,2.25,2.76,122.2,125.35,122.05,16744,124.9,121.99,126.153,43.09,53.91,48.33,1402,863,26.84,29.63,34.63,32.06,30.69,37.41,31.32
7/29/2015,1,1.58,-2.32,120.5,123.1,120.1,12927,122.15,121.32,126.212,29.46,48.66,43.12,1325,632,22.54,29.23,33.45,31.1,30.03,36.28,30.88
7/28/2015,0,-0.12,-4.53,119.95,122.6,119.9,17707,120.25,121.9,126.452,16.45,43.06,42.73,912,750,18.93,29.33,32.59,30.44,29.44,35.17,30.18
7/27/2015,0,-1.51,-5.53,122.2,122.3,119.85,16397,120.4,122.62,126.703,14.34,44.05,39.61,942,1700,18.96,29.65,32.12,30.17,28.84,34.08,29.87
7/24/2015,1,0.58,-4.79,122.4,124.6,120.65,15463,122.25,123.71,127.092,35.15,47.31,41.01,2434,724,25.59,30.81,31.53,29.79,28.34,33.76,29.01
7/23/2015,0,-2.8,-5.67,125.45,126.35,121.1,24631,121.55,124.66,127.417,46.02,40.43,37.16,2471,1837,31.01,30.71,31.86,29.78,28.44,34.26,28.11
7/22/2015,0,-0.71,-3.62,126.4,128,124.45,15271,125.05,125.84,127.913,58.04,49.86,38.9,2489,2392,26.32,31.11,32.01,30.16,28.43,34.32,28.33
7/21/2015,0,-1.18,-4.58,127.1,128.2,125.7,9940,123.85,126.43,128.323,52.59,34.89,38.45,440,370,26.03,30.88,33.8,31.71,29.87,36.04,29.32
7/20/2015,0,-0.74,-1.05,126.5,126.5,126.5,13197,125.85,127.63,128.747,62.55,38.01,41.51,592,297,24,30.75,33.82,31.83,30.04,35.7,29.16
7/17/2015,0,-0.35,1.7,128.4,129.55,127.35,8828,127,127.78,129.055,66.82,38.48,41.93,734,831,23.27,30.95,34.8,32.9,31.3,36.84,30.63
7/16/2015,0,-0.69,2.87,128,128,127.35,11170,127.45,126.97,129.345,57.2,36.34,43.76,554,482,25.93,30.95,36,33.45,31.32,38.38,30.97
7/15/2015,0,-1.7,3.84,130.2,130.2,128.35,13994,128,126.03,129.573,61.33,37.44,45.8,1762,793,25.69,31.17,35.93,34.04,32.51,38.08,32.03
7/14/2015,1,2.48,5.85,129.6,130.3,129.6,17490,129.85,125.06,129.73,47.58,54.33,50.04,1701,1207,34.98,31.17,35.6,33.73,32.55,37.76,32.23
7/13/2015,1,2.02,2.92,125.85,125.85,125.85,14947,126.6,123.67,129.728,34.33,42.27,50.39,1232,664,31.27,30.93,33.66,32.08,30.96,35.85,30.46
7/10/2015,1,0.8,-0.9,123.15,123.15,123.15,11232,122.95,123.01,129.713,8.92,41.18,47.99,1486,1613,24.14,30.87,36.21,31.74,32.44,41.8,38.88
7/9/2015,1,0.24,-1.38,123.4,123.4,123.4,12568,122.75,123.54,129.787,6.2,38.17,48.41,3116,2049,23.56,30.97,34.74,31.34,30.53,39.29,34.91
7/8/2015,1,0.2,-5.63,123,123.1,123,12359,123.15,124.01,129.845,6.81,43.47,49.18,5934,1168,23.94,31.01,35.42,32.31,32.48,39.35,34.36
7/7/2015,0,-0.36,-5.82,123,123,122.2,18751,122.9,125.51,129.875,35.96,38.97,46.5,2652,1908,36.66,31.03,35.98,32.88,31.82,39.47,32.84
7/6/2015,0,-1.77,-6.22,125.9,125.9,123.75,16739,123.3,127.09,130.01,31.78,42.6,45.63,1611,846,37.67,31.76,34.07,31.69,30.35,36.84,31.49
7/2/2015,1,0.31,-5.7,127.15,127.15,125.15,13514,125.6,128.77,130.182,46.17,40.03,41.9,2043,1027,40.18,31.48,33.96,31.23,30.35,37.11,31.16
7/1/2015,0,-4.08,-6,130.15,130.15,126.05,24123,125.1,130.32,130.528,41.55,39.18,39.08,1098,1214,40.42,35.66,35.88,33.24,32.02,39.15,32.94
6/30/2015,0,0,2.08,133,133.75,129.75,17600,130.65,131.96,131.02,61.24,40.58,41.38,1201,2566,33.16,34.3,36.99,34.35,32.7,40.08,33.35
6/29/2015,0,-0.79,-0.08,128.4,131.35,128.4,15875,130.8,131.37,131.387,53.56,39.62,45.3,1893,1634,35.69,34.44,36.33,33.49,32.39,39.34,33.35
6/26/2015,0,-1.22,2.57,130.75,134.6,130.75,17507,131.7,131.28,131.6,59.29,42.29,47.13,2732,2052,35.74,35.94,35.94,33.6,31.75,38.95,31.77
6/25/2015,0,0,2.39,132,133.35,130.95,20776,133.35,130.37,131.732,52.75,47.2,49.23,2377,1527,40.05,35.96,36.1,34.27,32.79,38.51,32.57
6/24/2015,1,4.16,4.4,128.4,133.85,127.9,20975,133.3,129.44,131.767,52.75,46.23,49.12,4380,1705,40.05,36.08,35.25,33,32,37.65,32.48
6/23/2015,0,-2.11,-1.74,129.65,132.5,126.85,15924,127.7,128.11,131.807,30.51,38.04,45.58,2867,788,34.75,33.51,35.95,33.61,32.59,38.74,32.89
6/22/2015,1,1.84,1.69,127,130.5,126.65,11201,130.35,128.44,131.995,33.09,45.57,47.94,1109,407,33.83,33.13,33.5,31.11,30.22,36.22,30.89
6/19/2015,0,-1.4,-3.2,128.75,129.8,124.8,22430,127.15,127.93,132.08,24.32,44.95,46.95,2036,1572,29.49,32.19,34.76,32.38,31.05,37.38,31.09
6/18/2015,1,1.97,-1.86,127.55,130.2,126.6,24477,128.7,128.91,132.203,32.42,54.5,50.53,4234,1187,30.95,32.41,34.43,32.24,30.67,37.3,31.04
6/17/2015,0,-1.97,-6.66,129,130,126.45,22912,126.65,129.57,132.182,22.99,52.75,45.41,963,1652,28.17,32.72,35.47,33.14,31,37.74,30.96
6/16/2015,1,1.3,-5.45,128.75,130.35,127.9,16799,129.35,131.53,132.378,33.98,59.6,47.99,877,871,28.37,33.74,35.63,33.31,31.1,37.89,31.16
6/15/2015,0,-3.05,-6.12,131.05,131.6,127.2,29274,127.8,133.13,132.462,34.19,57.76,45.47,1904,1076,28.36,33.56,35.5,33.29,31.99,37.85,31.97
6/12/2015,0,-0.04,-2.14,132,135.35,130.6,20998,132.05,134.88,132.65,57.95,61.18,46.32,271,271,25.6,32.3,35.75,34.09,32.64,37.85,33
6/11/2015,0,-3.02,-2.54,135.4,135.7,131.2,28260,132,135.49,132.8,66.48,57.32,44.96,353,604,29.26,33,38.55,36.71,35.4,40.82,35.17
6/10/2015,0,-0.69,1.54,137.55,138.85,135.55,24163,136.45,136.23,133.012,89.51,50.82,48.55,1224,207,18,31.71,39.24,38.07,37.22,41.12,36.72
6/9/2015,1,0.58,3.48,136.45,137.7,133.55,24888,137.35,135.8,133.068,95.73,45.87,51.04,833,953,15.5,31.66,40.81,38.77,37.55,43.22,36.9
6/8/2015,1,1.05,5.18,135,137.4,134.2,23956,136.55,134.87,133.027,95.62,41.85,46.41,908,1211,15.78,31.94,40.32,38.09,36.68,42.97,36.31
6/5/2015,0,-0.44,7.09,135,136.4,132.9,19888,135.1,133.52,133.18,76.9,46.94,45.78,815,1201,24.05,33.57,40.37,38.29,37.14,42.87,36.94
6/4/2015,1,1.04,8.43,134.3,137,133.2,17276,135.7,131.73,133.358,72.59,50.07,44.82,967,1292,25.45,33.61,40.33,38.27,36.9,42.78,36.69
6/3/2015,1,1.21,7.87,132.7,135.15,130.6,23498,134.3,129.62,133.582,46.17,49.86,45.41,687,1042,42.15,33.62,40.17,38.44,37.4,42.82,37.49
6/2/2015,1,2.23,6.97,129.35,134,128.9,22033,132.7,127.66,133.782,35.38,47.32,45.41,1619,1844,43.46,33.74,40.07,37.85,36.65,42.58,36.74
6/1/2015,1,2.89,2.24,128.2,132.15,128.15,21143,129.8,125.93,133.982,24.63,44.43,42.88,2709,2029,40.09,33.18,36.82,34.5,32.47,39.35,32.61
5/29/2015,1,0.8,-1.79,125.6,127.05,124.55,13770,126.15,125.36,134.278,27.12,38.22,38.74,860,175,41.17,31.79,36.13,33.92,32.74,38.88,32.87
5/28/2015,1,0.52,-7.98,124.95,127.05,123.8,13425,125.15,125.82,134.727,28.74,40.4,41.49,1597,735,41.67,31.61,36.23,34.28,32.79,38.53,32.48
5/27/2015,1,0.36,-10.98,124.75,126.75,123.55,18668,124.5,127.99,135.082,30.43,44.43,42,889,883,42.18,32.89,35.82,34.01,32.84,38,32.6
5/26/2015,0,-2.28,-13.34,128,128.6,123.65,25481,124.05,131.06,135.418,29.06,38.16,42.36,605,1224,41.83,33.02,34.66,33.18,32.49,36.51,32.55
5/22/2015,0,-1.17,-8.17,129.5,129.7,125.8,24170,126.95,134.58,135.742,36.21,42.73,43.42,2844,3225,41.82,32.52,34.54,33.18,32.7,36.79,32.95
5/21/2015,0,-5.55,-6.58,136.15,136.75,127.85,29777,128.45,136.63,136.013,39.95,42.6,42.83,2119,3368,41.88,32.47,35.59,33.89,32.65,37.54,31.89
5/20/2015,0,-2.75,0.44,139.55,141.4,135.55,15529,136,138.07,136.313,65.47,49.06,50.26,824,1779,27.57,28.05,36.99,35.36,34.21,38.79,33.86
5/19/2015,0,-2.31,3.21,143,143.85,138.2,19180,139.85,137.75,136.303,87.82,52.75,48.23,750,1514,20.78,26.97,38.06,36.64,35.81,39.59,35.31
5/18/2015,1,3.54,6.55,137.6,137.6,137.6,20618,141.65,136.68,136.373,74.86,56.81,46.32,1240,1358,29.8,30.05,37.28,35.8,34.53,38.92,34.13
5/15/2015,1,0.55,2.67,137.95,137.95,137.95,12690,137.2,135.02,136.525,68.38,52.36,47.05,2865,743,25.84,29.61,36.95,35.41,34.25,38.58,33.87
5/14/2015,1,1.55,4.4,135.5,135.5,135.5,13946,135.65,134.16,136.648,57.53,39.74,50.6,1789,1487,26.85,31.61,35.38,33.81,32.64,37.13,32.17
5/13/2015,0,-0.07,4.19,134.75,134.75,134.75,13819,134.4,133.2,136.622,43.47,38.48,51.1,1597,1572,29.41,34.28,37.56,36.12,34.85,39.36,34.27
5/12/2015,1,0.86,1.38,132.95,132.95,132.95,17559,134.5,131.93,136.572,39.39,35.94,51.57,1009,826,30.01,34.56,38.09,36.5,35.39,39.87,34.83
5/11/2015,0,-0.22,1.09,133.5,133.65,133.5,9515,133.35,131.54,136.5,36.05,38.04,46.68,1536,600,29.34,34.48,37.66,36.41,35.32,38.95,35
5/8/2015,1,2.24,0.34,134.1,134.1,132,15878,132.9,131.24,136.662,41.49,40.4,45.08,2068,1524,30.9,36.84,42.14,39.13,39.12,45.63,43.31
5/7/2015,1,1.35,-4.18,129.05,129.9,129.05,12374,130.85,131.35,136.907,26.38,36.06,43.76,1673,1104,33.48,36.66,42.52,40.89,40.42,44.96,40.83
5/6/2015,0,-2.77,-6.51,132.4,132.4,127.85,17362,128.05,132.49,137.21,18.53,28,43.64,1725,2326,29.59,35.94,44.29,43.09,42.65,45.89,43.19
5/5/2015,1,0.56,-3.54,131.7,132.8,131.5,11530,132.55,134.55,137.518,21.28,43.64,43.61,994,1250,25.93,35.15,43.06,42.3,42.15,44.55,42.57
5/4/2015,0,-0.97,-3.03,132.5,132.5,131.5,12531,131.85,135.67,137.828,27.22,44.72,42.19,1388,856,27.95,36.31,40.19,38.96,38.09,42.15,38.8
5/1/2015,0,-2.36,-5.59,137,137,131.4,18395,133.45,136.52,138.212,35.85,49.41,45.65,2262,1992,29.37,36.28,39.73,38.69,38.58,41.47,39.18
4/30/2015,0,-1.12,-2.86,138.8,143.3,137.2,21574,136.55,138.06,138.43,43.04,53.08,50.2,2892,1502,27.13,36.52,40.62,39.54,39.56,42.25,40.01
4/29/2015,1,0.32,-3.24,137.65,137.65,136.9,11049,138.35,138.84,138.42,45.7,51.87,52.88,886,1529,26.45,37.25,40.03,38.53,37.28,41.91,37.8
4/28/2015,1,1.09,-2.91,136.55,137.8,135.25,12388,138.15,139.65,138.273,56.47,54.78,52.1,465,1695,30.64,37.57,39.65,37.95,37.11,41.86,37.27
4/27/2015,0,-3.59,-2.97,140,140.35,134.3,19941,136.1,140.08,138.165,54.34,40.2,55.77,3186,2278,29.97,37.4,37.33,35.84,35,39.5,35.26
4/24/2015,1,0.46,0.53,141.25,142.8,140.85,9614,141.15,140.6,137.843,78.24,41.31,57.59,1580,688,19.48,40.32,36.85,35.51,34.62,38.33,35.02
4/23/2015,0,-1.5,0,142.05,143.85,140.65,13660,140.45,140.11,137.433,69.45,49.33,57.46,708,1195,21.32,40.88,38.15,36.75,36.18,39.52,36.94
4/22/2015,1,0.67,4.59,139.65,145,139.65,16269,142.4,139.94,137.032,67.49,60,56.52,1432,2245,22.33,40.54,38.75,37.65,36.96,39.97,36.98
4/21/2015,1,1.03,4.43,139.2,142.7,138.2,18234,140.3,138.62,136.675,66.67,59.84,54.06,2264,2550,22.03,41.29,38.37,37.02,36.09,39.81,36.42
4/20/2015,0,-0.11,3.77,138.4,140,134.25,18689,138.7,137.48,136.453,41.19,58.69,51.32,1417,466,33.5,41.48,36.61,35.61,34.9,38.02,35.72
4/17/2015,0,-0.07,2.72,139.4,141.25,137.8,17834,138.7,136.49,136.38,33.48,50.59,54.06,1183,896,36.39,42.02,37.53,36.13,35.64,39.09,35.96
4/16/2015,1,3.02,1.06,136.9,140.8,136.1,15527,139.6,135.77,136.142,47.6,49.25,53.09,1596,1724,43.02,43.34,37.38,36.3,36.01,38.83,36.4
4/15/2015,1,0.51,-0.69,134.6,138,133.85,23758,135.8,135.34,135.957,51.62,44.82,55.09,1040,991,47.23,43.02,40.07,38.87,38.44,41.43,38.62
4/14/2015,1,0.39,-5.55,133.85,136.1,131.95,29678,134.6,135.32,135.638,52.82,46.75,49.75,1714,1285,47.64,46.53,40.42,39.24,39.26,41.89,39.91
4/13/2015,0,-1.12,-8.65,135.15,138.1,132.95,26981,133.75,136.79,135.655,52.35,41.04,48.53,2172,673,47.58,50.99,41.83,40.55,40.34,43.48,40.83
4/10/2015,0,-1.68,-4.14,137.4,138.45,133.8,24532,135.1,139.28,135.755,45.48,40.9,49.28,628,683,53.15,51.03,43.51,42.52,41.92,44.85,41.61
,,,,,,,,,,,,,,,,,,,,,,
,,,,,,,,,,,,,,,,,,,,,,
,,,,,,,,,,,,,,,,,,,,,,
,,,,,,,,,,,,,,,,,,,,,,
,,,,,,,,,,,,,,,,,,,,,,
,,,,,,,,,,,,,,,,,,,,,,
,,,,,,,,,,,,,,,,,,,,,,
,,,,,,,,,,,,,,,,,,,,,,
,,,,,,,,,,,,,,,,,,,,,,
,,,,,,,,,,,,,,,,,,,,,,
,,,,,,,,,,,,,,,,,,,,,,
,,,,,,,,,,,,,,,,,,,,,,
,,,,,,,,,,,,,,,,,,,,,,
,,,,,,,,,,,,,,,,,,,,,,
,,,,,,,,,,,,,,,,,,,,,,
,,,,,,,,,,,,,,,,,,,,,,
,,,,,,,,,,,,,,,,,,,,,,
,,,,,,,,,,,,,,,,,,,,,,
,,,,,,,,,,,,,,,,,,,,,,
,,,,,,,,,,,,,,,,,,,,,,
,,,,,,,,,,,,,,,,,,,,,,
,,,,,,,,,,,,,,,,,,,,,,
,,,,,,,,,,,,,,,,,,,,,,
,,,,,,,,,,,,,,,,,,,,,,
,,,,,,,,,,,,,,,,,,,,,,
,,,,,,,,,,,,,,,,,,,,,,
,,,,,,,,,,,,,,,,,,,,,,
,,,,,,,,,,,,,,,,,,,,,,
,,,,,,,,,,,,,,,,,,,,,,
,,,,,,,,,,,,,,,,,,,,,,
,,,,,,,,,,,,,,,,,,,,,,
,,,,,,,,,,,,,,,,,,,,,,
,,,,,,,,,,,,,,,,,,,,,,
,,,,,,,,,,,,,,,,,,,,,,
,,,,,,,,,,,,,,,,,,,,,,
,,,,,,,,,,,,,,,,,,,,,,
,,,,,,,,,,,,,,,,,,,,,,
,,,,,,,,,,,,,,,,,,,,,,
,,,,,,,,,,,,,,,,,,,,,,
,,,,,,,,,,,,,,,,,,,,,,
,,,,,,,,,,,,,,,,,,,,,,
,,,,,,,,,,,,,,,,,,,,,,
,,,,,,,,,,,,,,,,,,,,,,
,,,,,,,,,,,,,,,,,,,,,,
,,,,,,,,,,,,,,,,,,,,,,
,,,,,,,,,,,,,,,,,,,,,,
,,,,,,,,,,,,,,,,,,,,,,
,,,,,,,,,,,,,,,,,,,,,,
,,,,,,,,,,,,,,,,,,,,,,
,,,,,,,,,,,,,,,,,,,,,,
,,,,,,,,,,,,,,,,,,,,,,
,,,,,,,,,,,,,,,,,,,,,,
,,,,,,,,,,,,,,,,,,,,,,
,,,,,,,,,,,,,,,,,,,,,,
,,,,,,,,,,,,,,,,,,,,,,
,,,,,,,,,,,,,,,,,,,,,,
,,,,,,,,,,,,,,,,,,,,,,
,,,,,,,,,,,,,,,,,,,,,,
,,,,,,,,,,,,,,,,,,,,,,
,,,,,,,,,,,,,,,,,,,,,,
,,,,,,,,,,,,,,,,,,,,,,
,,,,,,,,,,,,,,,,,,,,,,
,,,,,,,,,,,,,,,,,,,,,,
,,,,,,,,,,,,,,,,,,,,,,
,,,,,,,,,,,,,,,,,,,,,,
,,,,,,,,,,,,,,,,,,,,,,
,,,,,,,,,,,,,,,,,,,,,,
,,,,,,,,,,,,,,,,,,,,,,
,,,,,,,,,,,,,,,,,,,,,,
,,,,,,,,,,,,,,,,,,,,,,
,,,,,,,,,,,,,,,,,,,,,,
,,,,,,,,,,,,,,,,,,,,,,
,,,,,,,,,,,,,,,,,,,,,,
,,,,,,,,,,,,,,,,,,,,,,
,,,,,,,,,,,,,,,,,,,,,,
,,,,,,,,,,,,,,,,,,,,,,
,,,,,,,,,,,,,,,,,,,,,,
,,,,,,,,,,,,,,,,,,,,,,
,,,,,,,,,,,,,,,,,,,,,,
,,,,,,,,,,,,,,,,,,,,,,
,,,,,,,,,,,,,,,,,,,,,,
,,,,,,,,,,,,,,,,,,,,,,
,,,,,,,,,,,,,,,,,,,,,,
,,,,,,,,,,,,,,,,,,,,,,
,,,,,,,,,,,,,,,,,,,,,,
,,,,,,,,,,,,,,,,,,,,,,
,,,,,,,,,,,,,,,,,,,,,,
,,,,,,,,,,,,,,,,,,,,,,
,,,,,,,,,,,,,,,,,,,,,,
,,,,,,,,,,,,,,,,,,,,,,
,,,,,,,,,,,,,,,,,,,,,,
,,,,,,,,,,,,,,,,,,,,,,
,,,,,,,,,,,,,,,,,,,,,,
,,,,,,,,,,,,,,,,,,,,,,
,,,,,,,,,,,,,,,,,,,,,,
,,,,,,,,,,,,,,,,,,,,,,
,,,,,,,,,,,,,,,,,,,,,,
,,,,,,,,,,,,,,,,,,,,,,
,,,,,,,,,,,,,,,,,,,,,,
,,,,,,,,,,,,,,,,,,,,,,
,,,,,,,,,,,,,,,,,,,,,,
,,,,,,,,,,,,,,,,,,,,,,
,,,,,,,,,,,,,,,,,,,,,,
,,,,,,,,,,,,,,,,,,,,,,
,,,,,,,,,,,,,,,,,,,,,,
,,,,,,,,,,,,,,,,,,,,,,
,,,,,,,,,,,,,,,,,,,,,,
,,,,,,,,,,,,,,,,,,,,,,
,,,,,,,,,,,,,,,,,,,,,,
,,,,,,,,,,,,,,,,,,,,,,
,,,,,,,,,,,,,,,,,,,,,,
,,,,,,,,,,,,,,,,,,,,,,
,,,,,,,,,,,,,,,,,,,,,,
,,,,,,,,,,,,,,,,,,,,,,
,,,,,,,,,,,,,,,,,,,,,,
,,,,,,,,,,,,,,,,,,,,,,
,,,,,,,,,,,,,,,,,,,,,,
,,,,,,,,,,,,,,,,,,,,,,
,,,,,,,,,,,,,,,,,,,,,,
,,,,,,,,,,,,,,,,,,,,,,
,,,,,,,,,,,,,,,,,,,,,,
,,,,,,,,,,,,,,,,,,,,,,
,,,,,,,,,,,,,,,,,,,,,,
,,,,,,,,,,,,,,,,,,,,,,
,,,,,,,,,,,,,,,,,,,,,,
,,,,,,,,,,,,,,,,,,,,,,
,,,,,,,,,,,,,,,,,,,,,,
,,,,,,,,,,,,,,,,,,,,,,
,,,,,,,,,,,,,,,,,,,,,,
,,,,,,,,,,,,,,,,,,,,,,
,,,,,,,,,,,,,,,,,,,,,,
,,,,,,,,,,,,,,,,,,,,,,
,,,,,,,,,,,,,,,,,,,,,,
,,,,,,,,,,,,,,,,,,,,,,
,,,,,,,,,,,,,,,,,,,,,,
,,,,,,,,,,,,,,,,,,,,,,
,,,,,,,,,,,,,,,,,,,,,,
,,,,,,,,,,,,,,,,,,,,,,
,,,,,,,,,,,,,,,,,,,,,,
,,,,,,,,,,,,,,,,,,,,,,
,,,,,,,,,,,,,,,,,,,,,,
,,,,,,,,,,,,,,,,,,,,,,
,,,,,,,,,,,,,,,,,,,,,,
,,,,,,,,,,,,,,,,,,,,,,
,,,,,,,,,,,,,,,,,,,,,,
,,,,,,,,,,,,,,,,,,,,,,
,,,,,,,,,,,,,,,,,,,,,,
,,,,,,,,,,,,,,,,,,,,,,
,,,,,,,,,,,,,,,,,,,,,,
,,,,,,,,,,,,,,,,,,,,,,
,,,,,,,,,,,,,,,,,,,,,,
,,,,,,,,,,,,,,,,,,,,,,
,,,,,,,,,,,,,,,,,,,,,,
,,,,,,,,,,,,,,,,,,,,,,
,,,,,,,,,,,,,,,,,,,,,,
,,,,,,,,,,,,,,,,,,,,,,
,,,,,,,,,,,,,,,,,,,,,,
,,,,,,,,,,,,,,,,,,,,,,
,,,,,,,,,,,,,,,,,,,,,,
,,,,,,,,,,,,,,,,,,,,,,
,,,,,,,,,,,,,,,,,,,,,,
,,,,,,,,,,,,,,,,,,,,,,
,,,,,,,,,,,,,,,,,,,,,,
,,,,,,,,,,,,,,,,,,,,,,
,,,,,,,,,,,,,,,,,,,,,,
,,,,,,,,,,,,,,,,,,,,,,
,,,,,,,,,,,,,,,,,,,,,,
,,,,,,,,,,,,,,,,,,,,,,
,,,,,,,,,,,,,,,,,,,,,,
,,,,,,,,,,,,,,,,,,,,,,
,,,,,,,,,,,,,,,,,,,,,,
,,,,,,,,,,,,,,,,,,,,,,
,,,,,,,,,,,,,,,,,,,,,,
,,,,,,,,,,,,,,,,,,,,,,
,,,,,,,,,,,,,,,,,,,,,,
,,,,,,,,,,,,,,,,,,,,,,
,,,,,,,,,,,,,,,,,,,,,,
,,,,,,,,,,,,,,,,,,,,,,
,,,,,,,,,,,,,,,,,,,,,,
,,,,,,,,,,,,,,,,,,,,,,
,,,,,,,,,,,,,,,,,,,,,,
,,,,,,,,,,,,,,,,,,,,,,
,,,,,,,,,,,,,,,,,,,,,,
,,,,,,,,,,,,,,,,,,,,,,
,,,,,,,,,,,,,,,,,,,,,,
,,,,,,,,,,,,,,,,,,,,,,
,,,,,,,,,,,,,,,,,,,,,,
,,,,,,,,,,,,,,,,,,,,,,
,,,,,,,,,,,,,,,,,,,,,,
,,,,,,,,,,,,,,,,,,,,,,
,,,,,,,,,,,,,,,,,,,,,,
,,,,,,,,,,,,,,,,,,,,,,
,,,,,,,,,,,,,,,,,,,,,,
,,,,,,,,,,,,,,,,,,,,,,
,,,,,,,,,,,,,,,,,,,,,,
,,,,,,,,,,,,,,,,,,,,,,
,,,,,,,,,,,,,,,,,,,,,,
,,,,,,,,,,,,,,,,,,,,,,
,,,,,,,,,,,,,,,,,,,,,,
,,,,,,,,,,,,,,,,,,,,,,
,,,,,,,,,,,,,,,,,,,,,,
,,,,,,,,,,,,,,,,,,,,,,
,,,,,,,,,,,,,,,,,,,,,,
,,,,,,,,,,,,,,,,,,,,,,
,,,,,,,,,,,,,,,,,,,,,,
,,,,,,,,,,,,,,,,,,,,,,
,,,,,,,,,,,,,,,,,,,,,,
,,,,,,,,,,,,,,,,,,,,,,
,,,,,,,,,,,,,,,,,,,,,,
,,,,,,,,,,,,,,,,,,,,,,
,,,,,,,,,,,,,,,,,,,,,,
,,,,,,,,,,,,,,,,,,,,,,
,,,,,,,,,,,,,,,,,,,,,,
,,,,,,,,,,,,,,,,,,,,,,
,,,,,,,,,,,,,,,,,,,,,,
,,,,,,,,,,,,,,,,,,,,,,
,,,,,,,,,,,,,,,,,,,,,,
,,,,,,,,,,,,,,,,,,,,,,
,,,,,,,,,,,,,,,,,,,,,,
,,,,,,,,,,,,,,,,,,,,,,
,,,,,,,,,,,,,,,,,,,,,,
,,,,,,,,,,,,,,,,,,,,,,
,,,,,,,,,,,,,,,,,,,,,,
,,,,,,,,,,,,,,,,,,,,,,
,,,,,,,,,,,,,,,,,,,,,,
,,,,,,,,,,,,,,,,,,,,,,
,,,,,,,,,,,,,,,,,,,,,,
,,,,,,,,,,,,,,,,,,,,,,
,,,,,,,,,,,,,,,,,,,,,,
,,,,,,,,,,,,,,,,,,,,,,
,,,,,,,,,,,,,,,,,,,,,,
,,,,,,,,,,,,,,,,,,,,,,
,,,,,,,,,,,,,,,,,,,,,,
,,,,,,,,,,,,,,,,,,,,,,
,,,,,,,,,,,,,,,,,,,,,,
,,,,,,,,,,,,,,,,,,,,,,
,,,,,,,,,,,,,,,,,,,,,,
,,,,,,,,,,,,,,,,,,,,,,
,,,,,,,,,,,,,,,,,,,,,,
,,,,,,,,,,,,,,,,,,,,,,
,,,,,,,,,,,,,,,,,,,,,,
,,,,,,,,,,,,,,,,,,,,,,
,,,,,,,,,,,,,,,,,,,,,,
,,,,,,,,,,,,,,,,,,,,,,
,,,,,,,,,,,,,,,,,,,,,,
,,,,,,,,,,,,,,,,,,,,,,
,,,,,,,,,,,,,,,,,,,,,,
,,,,,,,,,,,,,,,,,,,,,,
,,,,,,,,,,,,,,,,,,,,,,
,,,,,,,,,,,,,,,,,,,,,,
,,,,,,,,,,,,,,,,,,,,,,
,,,,,,,,,,,,,,,,,,,,,,
,,,,,,,,,,,,,,,,,,,,,,
,,,,,,,,,,,,,,,,,,,,,,
,,,,,,,,,,,,,,,,,,,,,,
,,,,,,,,,,,,,,,,,,,,,,
,,,,,,,,,,,,,,,,,,,,,,
,,,,,,,,,,,,,,,,,,,,,,
,,,,,,,,,,,,,,,,,,,,,,
,,,,,,,,,,,,,,,,,,,,,,
,,,,,,,,,,,,,,,,,,,,,,
,,,,,,,,,,,,,,,,,,,,,,
,,,,,,,,,,,,,,,,,,,,,,
,,,,,,,,,,,,,,,,,,,,,,
,,,,,,,,,,,,,,,,,,,,,,
,,,,,,,,,,,,,,,,,,,,,,
,,,,,,,,,,,,,,,,,,,,,,
,,,,,,,,,,,,,,,,,,,,,,
,,,,,,,,,,,,,,,,,,,,,,
,,,,,,,,,,,,,,,,,,,,,,
,,,,,,,,,,,,,,,,,,,,,,
,,,,,,,,,,,,,,,,,,,,,,
,,,,,,,,,,,,,,,,,,,,,,
,,,,,,,,,,,,,,,,,,,,,,
,,,,,,,,,,,,,,,,,,,,,,
,,,,,,,,,,,,,,,,,,,,,,
,,,,,,,,,,,,,,,,,,,,,,
,,,,,,,,,,,,,,,,,,,,,,
,,,,,,,,,,,,,,,,,,,,,,
,,,,,,,,,,,,,,,,,,,,,,
,,,,,,,,,,,,,,,,,,,,,,
,,,,,,,,,,,,,,,,,,,,,,
,,,,,,,,,,,,,,,,,,,,,,
,,,,,,,,,,,,,,,,,,,,,,
,,,,,,,,,,,,,,,,,,,,,,
,,,,,,,,,,,,,,,,,,,,,,
,,,,,,,,,,,,,,,,,,,,,,
,,,,,,,,,,,,,,,,,,,,,,
,,,,,,,,,,,,,,,,,,,,,,
,,,,,,,,,,,,,,,,,,,,,,
,,,,,,,,,,,,,,,,,,,,,,
,,,,,,,,,,,,,,,,,,,,,,
,,,,,,,,,,,,,,,,,,,,,,
,,,,,,,,,,,,,,,,,,,,,,
,,,,,,,,,,,,,,,,,,,,,,
,,,,,,,,,,,,,,,,,,,,,,
,,,,,,,,,,,,,,,,,,,,,,
,,,,,,,,,,,,,,,,,,,,,,
,,,,,,,,,,,,,,,,,,,,,,
,,,,,,,,,,,,,,,,,,,,,,
,,,,,,,,,,,,,,,,,,,,,,
,,,,,,,,,,,,,,,,,,,,,,
,,,,,,,,,,,,,,,,,,,,,,
,,,,,,,,,,,,,,,,,,,,,,
,,,,,,,,,,,,,,,,,,,,,,
,,,,,,,,,,,,,,,,,,,,,,
,,,,,,,,,,,,,,,,,,,,,,
,,,,,,,,,,,,,,,,,,,,,,
,,,,,,,,,,,,,,,,,,,,,,
,,,,,,,,,,,,,,,,,,,,,,
,,,,,,,,,,,,,,,,,,,,,,
,,,,,,,,,,,,,,,,,,,,,,
,,,,,,,,,,,,,,,,,,,,,,
,,,,,,,,,,,,,,,,,,,,,,
,,,,,,,,,,,,,,,,,,,,,,
,,,,,,,,,,,,,,,,,,,,,,
,,,,,,,,,,,,,,,,,,,,,,
,,,,,,,,,,,,,,,,,,,,,,
,,,,,,,,,,,,,,,,,,,,,,
,,,,,,,,,,,,,,,,,,,,,,
,,,,,,,,,,,,,,,,,,,,,,
,,,,,,,,,,,,,,,,,,,,,,
,,,,,,,,,,,,,,,,,,,,,,
,,,,,,,,,,,,,,,,,,,,,,
,,,,,,,,,,,,,,,,,,,,,,
,,,,,,,,,,,,,,,,,,,,,,
,,,,,,,,,,,,,,,,,,,,,,
,,,,,,,,,,,,,,,,,,,,,,
,,,,,,,,,,,,,,,,,,,,,,
,,,,,,,,,,,,,,,,,,,,,,
,,,,,,,,,,,,,,,,,,,,,,
,,,,,,,,,,,,,,,,,,,,,,
,,,,,,,,,,,,,,,,,,,,,,
,,,,,,,,,,,,,,,,,,,,,,
,,,,,,,,,,,,,,,,,,,,,,
,,,,,,,,,,,,,,,,,,,,,,
,,,,,,,,,,,,,,,,,,,,,,
,,,,,,,,,,,,,,,,,,,,,,
,,,,,,,,,,,,,,,,,,,,,,
,,,,,,,,,,,,,,,,,,,,,,
,,,,,,,,,,,,,,,,,,,,,,
,,,,,,,,,,,,,,,,,,,,,,
,,,,,,,,,,,,,,,,,,,,,,
,,,,,,,,,,,,,,,,,,,,,,
,,,,,,,,,,,,,,,,,,,,,,
,,,,,,,,,,,,,,,,,,,,,,
,,,,,,,,,,,,,,,,,,,,,,
,,,,,,,,,,,,,,,,,,,,,,
,,,,,,,,,,,,,,,,,,,,,,
,,,,,,,,,,,,,,,,,,,,,,
,,,,,,,,,,,,,,,,,,,,,,
,,,,,,,,,,,,,,,,,,,,,,
,,,,,,,,,,,,,,,,,,,,,,
,,,,,,,,,,,,,,,,,,,,,,
,,,,,,,,,,,,,,,,,,,,,,
,,,,,,,,,,,,,,,,,,,,,,
,,,,,,,,,,,,,,,,,,,,,,
,,,,,,,,,,,,,,,,,,,,,,
,,,,,,,,,,,,,,,,,,,,,,
,,,,,,,,,,,,,,,,,,,,,,
,,,,,,,,,,,,,,,,,,,,,,
,,,,,,,,,,,,,,,,,,,,,,
,,,,,,,,,,,,,,,,,,,,,,
,,,,,,,,,,,,,,,,,,,,,,
,,,,,,,,,,,,,,,,,,,,,,
,,,,,,,,,,,,,,,,,,,,,,
,,,,,,,,,,,,,,,,,,,,,,
,,,,,,,,,,,,,,,,,,,,,,
,,,,,,,,,,,,,,,,,,,,,,
,,,,,,,,,,,,,,,,,,,,,,
,,,,,,,,,,,,,,,,,,,,,,
,,,,,,,,,,,,,,,,,,,,,,
,,,,,,,,,,,,,,,,,,,,,,
,,,,,,,,,,,,,,,,,,,,,,
,,,,,,,,,,,,,,,,,,,,,,
,,,,,,,,,,,,,,,,,,,,,,
,,,,,,,,,,,,,,,,,,,,,,
,,,,,,,,,,,,,,,,,,,,,,
,,,,,,,,,,,,,,,,,,,,,,
,,,,,,,,,,,,,,,,,,,,,,
,,,,,,,,,,,,,,,,,,,,,,
,,,,,,,,,,,,,,,,,,,,,,
,,,,,,,,,,,,,,,,,,,,,,
,,,,,,,,,,,,,,,,,,,,,,
,,,,,,,,,,,,,,,,,,,,,,
,,,,,,,,,,,,,,,,,,,,,,
,,,,,,,,,,,,,,,,,,,,,,
,,,,,,,,,,,,,,,,,,,,,,
,,,,,,,,,,,,,,,,,,,,,,
,,,,,,,,,,,,,,,,,,,,,,
,,,,,,,,,,,,,,,,,,,,,,
,,,,,,,,,,,,,,,,,,,,,,
,,,,,,,,,,,,,,,,,,,,,,
,,,,,,,,,,,,,,,,,,,,,,
,,,,,,,,,,,,,,,,,,,,,,
,,,,,,,,,,,,,,,,,,,,,,
,,,,,,,,,,,,,,,,,,,,,,
,,,,,,,,,,,,,,,,,,,,,,
,,,,,,,,,,,,,,,,,,,,,,
,,,,,,,,,,,,,,,,,,,,,,
,,,,,,,,,,,,,,,,,,,,,,
,,,,,,,,,,,,,,,,,,,,,,
,,,,,,,,,,,,,,,,,,,,,,
,,,,,,,,,,,,,,,,,,,,,,
,,,,,,,,,,,,,,,,,,,,,,
,,,,,,,,,,,,,,,,,,,,,,
,,,,,,,,,,,,,,,,,,,,,,
,,,,,,,,,,,,,,,,,,,,,,
,,,,,,,,,,,,,,,,,,,,,,
,,,,,,,,,,,,,,,,,,,,,,
,,,,,,,,,,,,,,,,,,,,,,
,,,,,,,,,,,,,,,,,,,,,,
,,,,,,,,,,,,,,,,,,,,,,
,,,,,,,,,,,,,,,,,,,,,,
,,,,,,,,,,,,,,,,,,,,,,
,,,,,,,,,,,,,,,,,,,,,,
,,,,,,,,,,,,,,,,,,,,,,
,,,,,,,,,,,,,,,,,,,,,,
,,,,,,,,,,,,,,,,,,,,,,
,,,,,,,,,,,,,,,,,,,,,,
,,,,,,,,,,,,,,,,,,,,,,
,,,,,,,,,,,,,,,,,,,,,,
,,,,,,,,,,,,,,,,,,,,,,
,,,,,,,,,,,,,,,,,,,,,,
,,,,,,,,,,,,,,,,,,,,,,
,,,,,,,,,,,,,,,,,,,,,,
,,,,,,,,,,,,,,,,,,,,,,
,,,,,,,,,,,,,,,,,,,,,,
,,,,,,,,,,,,,,,,,,,,,,
,,,,,,,,,,,,,,,,,,,,,,
,,,,,,,,,,,,,,,,,,,,,,
,,,,,,,,,,,,,,,,,,,,,,
,,,,,,,,,,,,,,,,,,,,,,
,,,,,,,,,,,,,,,,,,,,,,
,,,,,,,,,,,,,,,,,,,,,,
,,,,,,,,,,,,,,,,,,,,,,
,,,,,,,,,,,,,,,,,,,,,,
,,,,,,,,,,,,,,,,,,,,,,
,,,,,,,,,,,,,,,,,,,,,,
,,,,,,,,,,,,,,,,,,,,,,
,,,,,,,,,,,,,,,,,,,,,,
,,,,,,,,,,,,,,,,,,,,,,
,,,,,,,,,,,,,,,,,,,,,,
,,,,,,,,,,,,,,,,,,,,,,
,,,,,,,,,,,,,,,,,,,,,,
,,,,,,,,,,,,,,,,,,,,,,
,,,,,,,,,,,,,,,,,,,,,,
,,,,,,,,,,,,,,,,,,,,,,
,,,,,,,,,,,,,,,,,,,,,,
,,,,,,,,,,,,,,,,,,,,,,
,,,,,,,,,,,,,,,,,,,,,,
,,,,,,,,,,,,,,,,,,,,,,
,,,,,,,,,,,,,,,,,,,,,,
,,,,,,,,,,,,,,,,,,,,,,
,,,,,,,,,,,,,,,,,,,,,,
,,,,,,,,,,,,,,,,,,,,,,
,,,,,,,,,,,,,,,,,,,,,,
,,,,,,,,,,,,,,,,,,,,,,
,,,,,,,,,,,,,,,,,,,,,,
,,,,,,,,,,,,,,,,,,,,,,
,,,,,,,,,,,,,,,,,,,,,,
,,,,,,,,,,,,,,,,,,,,,,
,,,,,,,,,,,,,,,,,,,,,,
,,,,,,,,,,,,,,,,,,,,,,
,,,,,,,,,,,,,,,,,,,,,,
,,,,,,,,,,,,,,,,,,,,,,
,,,,,,,,,,,,,,,,,,,,,,
,,,,,,,,,,,,,,,,,,,,,,
,,,,,,,,,,,,,,,,,,,,,,
,,,,,,,,,,,,,,,,,,,,,,
,,,,,,,,,,,,,,,,,,,,,,
,,,,,,,,,,,,,,,,,,,,,,
,,,,,,,,,,,,,,,,,,,,,,
,,,,,,,,,,,,,,,,,,,,,,
,,,,,,,,,,,,,,,,,,,,,,
,,,,,,,,,,,,,,,,,,,,,,
,,,,,,,,,,,,,,,,,,,,,,
,,,,,,,,,,,,,,,,,,,,,,
,,,,,,,,,,,,,,,,,,,,,,
,,,,,,,,,,,,,,,,,,,,,,
,,,,,,,,,,,,,,,,,,,,,,
,,,,,,,,,,,,,,,,,,,,,,
,,,,,,,,,,,,,,,,,,,,,,
,,,,,,,,,,,,,,,,,,,,,,
,,,,,,,,,,,,,,,,,,,,,,
,,,,,,,,,,,,,,,,,,,,,,
,,,,,,,,,,,,,,,,,,,,,,
,,,,,,,,,,,,,,,,,,,,,,
,,,,,,,,,,,,,,,,,,,,,,
,,,,,,,,,,,,,,,,,,,,,,
,,,,,,,,,,,,,,,,,,,,,,
,,,,,,,,,,,,,,,,,,,,,,
,,,,,,,,,,,,,,,,,,,,,,
,,,,,,,,,,,,,,,,,,,,,,
,,,,,,,,,,,,,,,,,,,,,,
,,,,,,,,,,,,,,,,,,,,,,
,,,,,,,,,,,,,,,,,,,,,,
,,,,,,,,,,,,,,,,,,,,,,
,,,,,,,,,,,,,,,,,,,,,,
,,,,,,,,,,,,,,,,,,,,,,
